end_index,first_reconvergence_index,length,pair,reconverged,run_id,start_index
4,5,1,production_editorial,True,run_0000,4
14,15,1,production_editorial,True,run_0000,14
16,17,1,production_editorial,True,run_0000,16
20,21,2,production_editorial,True,run_0000,19
26,27,2,production_editorial,True,run_0000,25
29,30,1,production_editorial,True,run_0000,29
32,33,2,production_editorial,True,run_0000,31
35,36,2,production_editorial,True,run_0000,34
40,41,1,production_editorial,True,run_0000,40
44,45,2,production_editorial,True,run_0000,43
47,48,2,production_editorial,True,run_0000,46
50,51,2,production_editorial,True,run_0000,49
53,54,2,production_editorial,True,run_0000,52
56,57,2,production_editorial,True,run_0000,55
58,59,1,production_editorial,True,run_0000,58
73,74,1,production_editorial,True,run_0000,73
91,92,1,production_editorial,True,run_0000,91
94,95,1,production_editorial,True,run_0000,94
104,105,2,production_editorial,True,run_0000,103
113,114,2,production_editorial,True,run_0000,112
121,122,1,production_editorial,True,run_0000,121
124,125,1,production_editorial,True,run_0000,124
127,128,1,production_editorial,True,run_0000,127
130,131,1,production_editorial,True,run_0000,130
134,135,1,production_editorial,True,run_0000,134
137,138,1,production_editorial,True,run_0000,137
139,140,1,production_editorial,True,run_0000,139
143,144,1,production_editorial,True,run_0000,143
149,150,2,production_editorial,True,run_0000,148
152,153,2,production_editorial,True,run_0000,151
155,156,1,production_editorial,True,run_0000,155
165,166,1,production_editorial,True,run_0000,165
189,190,2,production_editorial,True,run_0000,188
191,192,1,production_editorial,True,run_0000,191
195,196,3,production_editorial,True,run_0000,193
211,212,15,production_editorial,True,run_0000,197
221,222,9,production_editorial,True,run_0000,213
230,231,8,production_editorial,True,run_0000,223
233,234,2,production_editorial,True,run_0000,232
247,248,12,production_editorial,True,run_0000,236
6,7,1,production_identity,True,run_0000,6
20,21,1,production_identity,True,run_0000,20
25,26,1,production_identity,True,run_0000,25
28,29,1,production_identity,True,run_0000,28
31,32,1,production_identity,True,run_0000,31
43,44,1,production_identity,True,run_0000,43
46,47,1,production_identity,True,run_0000,46
64,65,1,production_identity,True,run_0000,64
77,78,1,production_identity,True,run_0000,77
114,115,1,production_identity,True,run_0000,114
135,136,16,production_identity,True,run_0000,120
147,148,11,production_identity,True,run_0000,137
159,160,11,production_identity,True,run_0000,149
162,163,1,production_identity,True,run_0000,162
165,166,1,production_identity,True,run_0000,165
168,169,1,production_identity,True,run_0000,168
171,172,1,production_identity,True,run_0000,171
173,174,1,production_identity,True,run_0000,173
179,180,1,production_identity,True,run_0000,179
183,184,3,production_identity,True,run_0000,181
189,190,5,production_identity,True,run_0000,185
191,192,1,production_identity,True,run_0000,191
194,195,2,production_identity,True,run_0000,193
199,200,2,production_identity,True,run_0000,198
203,204,3,production_identity,True,run_0000,201
205,206,1,production_identity,True,run_0000,205
208,209,2,production_identity,True,run_0000,207
212,213,2,production_identity,True,run_0000,211
214,215,1,production_identity,True,run_0000,214
220,221,5,production_identity,True,run_0000,216
234,235,11,production_identity,True,run_0000,224
236,237,1,production_identity,True,run_0000,236
249,250,11,production_identity,True,run_0000,239
4,5,1,editorial_identity,True,run_0000,4
6,7,1,editorial_identity,True,run_0000,6
14,15,1,editorial_identity,True,run_0000,14
16,17,1,editorial_identity,True,run_0000,16
20,21,2,editorial_identity,True,run_0000,19
26,27,1,editorial_identity,True,run_0000,26
29,30,2,editorial_identity,True,run_0000,28
32,33,2,editorial_identity,True,run_0000,31
35,36,2,editorial_identity,True,run_0000,34
40,41,1,editorial_identity,True,run_0000,40
44,45,2,editorial_identity,True,run_0000,43
47,48,2,editorial_identity,True,run_0000,46
50,51,2,editorial_identity,True,run_0000,49
53,54,2,editorial_identity,True,run_0000,52
56,57,2,editorial_identity,True,run_0000,55
58,59,1,editorial_identity,True,run_0000,58
64,65,1,editorial_identity,True,run_0000,64
73,74,1,editorial_identity,True,run_0000,73
77,78,1,editorial_identity,True,run_0000,77
91,92,1,editorial_identity,True,run_0000,91
94,95,1,editorial_identity,True,run_0000,94
104,105,2,editorial_identity,True,run_0000,103
114,115,3,editorial_identity,True,run_0000,112
135,136,16,editorial_identity,True,run_0000,120
138,139,2,editorial_identity,True,run_0000,137
159,160,20,editorial_identity,True,run_0000,140
162,163,1,editorial_identity,True,run_0000,162
168,169,1,editorial_identity,True,run_0000,168
171,172,1,editorial_identity,True,run_0000,171
173,174,1,editorial_identity,True,run_0000,173
179,180,1,editorial_identity,True,run_0000,179
183,184,3,editorial_identity,True,run_0000,181
188,189,4,editorial_identity,True,run_0000,185
195,196,1,editorial_identity,True,run_0000,195
201,202,5,editorial_identity,True,run_0000,197
204,205,2,editorial_identity,True,run_0000,203
207,208,2,editorial_identity,True,run_0000,206
217,218,9,editorial_identity,True,run_0000,209
219,220,1,editorial_identity,True,run_0000,219
221,222,1,editorial_identity,True,run_0000,221
225,226,3,editorial_identity,True,run_0000,223
227,228,1,editorial_identity,True,run_0000,227
229,230,1,editorial_identity,True,run_0000,229
231,232,1,editorial_identity,True,run_0000,231
234,235,2,editorial_identity,True,run_0000,233
249,250,14,editorial_identity,True,run_0000,236
16,17,1,production_editorial,True,run_0001,16
20,21,1,production_editorial,True,run_0001,20
23,24,1,production_editorial,True,run_0001,23
26,27,2,production_editorial,True,run_0001,25
29,30,1,production_editorial,True,run_0001,29
32,33,1,production_editorial,True,run_0001,32
35,36,1,production_editorial,True,run_0001,35
38,39,2,production_editorial,True,run_0001,37
41,42,2,production_editorial,True,run_0001,40
47,48,1,production_editorial,True,run_0001,47
50,51,2,production_editorial,True,run_0001,49
53,54,2,production_editorial,True,run_0001,52
56,57,1,production_editorial,True,run_0001,56
58,59,1,production_editorial,True,run_0001,58
82,83,2,production_editorial,True,run_0001,81
87,88,4,production_editorial,True,run_0001,84
92,93,1,production_editorial,True,run_0001,92
101,102,8,production_editorial,True,run_0001,94
110,111,8,production_editorial,True,run_0001,103
112,113,1,production_editorial,True,run_0001,112
118,119,5,production_editorial,True,run_0001,114
141,142,22,production_editorial,True,run_0001,120
145,146,1,production_editorial,True,run_0001,145
149,150,1,production_editorial,True,run_0001,149
153,154,3,production_editorial,True,run_0001,151
159,160,5,production_editorial,True,run_0001,155
171,172,2,production_editorial,True,run_0001,170
178,179,1,production_editorial,True,run_0001,178
182,183,3,production_editorial,True,run_0001,180
190,191,1,production_editorial,True,run_0001,190
192,193,1,production_editorial,True,run_0001,192
197,198,3,production_editorial,True,run_0001,195
203,204,4,production_editorial,True,run_0001,200
208,209,3,production_editorial,True,run_0001,206
210,211,1,production_editorial,True,run_0001,210
213,214,2,production_editorial,True,run_0001,212
215,216,1,production_editorial,True,run_0001,215
222,223,6,production_editorial,True,run_0001,217
224,225,1,production_editorial,True,run_0001,224
228,229,3,production_editorial,True,run_0001,226
230,231,1,production_editorial,True,run_0001,230
233,234,2,production_editorial,True,run_0001,232
236,237,2,production_editorial,True,run_0001,235
239,240,2,production_editorial,True,run_0001,238
246,247,1,production_editorial,True,run_0001,246
250,,1,production_editorial,False,run_0001,250
8,9,1,production_identity,True,run_0001,8
13,14,1,production_identity,True,run_0001,13
36,37,1,production_identity,True,run_0001,36
39,40,1,production_identity,True,run_0001,39
49,50,1,production_identity,True,run_0001,49
52,53,1,production_identity,True,run_0001,52
92,93,1,production_identity,True,run_0001,92
99,100,1,production_identity,True,run_0001,99
105,106,3,production_identity,True,run_0001,103
107,108,1,production_identity,True,run_0001,107
111,112,3,production_identity,True,run_0001,109
118,119,3,production_identity,True,run_0001,116
120,121,1,production_identity,True,run_0001,120
123,124,2,production_identity,True,run_0001,122
132,133,3,production_identity,True,run_0001,130
135,136,1,production_identity,True,run_0001,135
137,138,1,production_identity,True,run_0001,137
140,141,2,production_identity,True,run_0001,139
145,146,1,production_identity,True,run_0001,145
150,151,2,production_identity,True,run_0001,149
156,157,4,production_identity,True,run_0001,153
170,171,1,production_identity,True,run_0001,170
178,179,1,production_identity,True,run_0001,178
182,183,1,production_identity,True,run_0001,182
190,191,2,production_identity,True,run_0001,189
192,193,1,production_identity,True,run_0001,192
199,200,1,production_identity,True,run_0001,199
204,205,1,production_identity,True,run_0001,204
210,211,1,production_identity,True,run_0001,210
213,214,2,production_identity,True,run_0001,212
215,216,1,production_identity,True,run_0001,215
218,219,2,production_identity,True,run_0001,217
220,221,1,production_identity,True,run_0001,220
224,225,3,production_identity,True,run_0001,222
228,229,3,production_identity,True,run_0001,226
230,231,1,production_identity,True,run_0001,230
247,248,16,production_identity,True,run_0001,232
249,250,1,production_identity,True,run_0001,249
8,9,1,editorial_identity,True,run_0001,8
13,14,1,editorial_identity,True,run_0001,13
16,17,1,editorial_identity,True,run_0001,16
20,21,1,editorial_identity,True,run_0001,20
23,24,1,editorial_identity,True,run_0001,23
26,27,2,editorial_identity,True,run_0001,25
29,30,1,editorial_identity,True,run_0001,29
32,33,1,editorial_identity,True,run_0001,32
41,42,7,editorial_identity,True,run_0001,35
47,48,1,editorial_identity,True,run_0001,47
50,51,2,editorial_identity,True,run_0001,49
53,54,1,editorial_identity,True,run_0001,53
56,57,1,editorial_identity,True,run_0001,56
58,59,1,editorial_identity,True,run_0001,58
82,83,2,editorial_identity,True,run_0001,81
87,88,4,editorial_identity,True,run_0001,84
101,102,8,editorial_identity,True,run_0001,94
109,110,7,editorial_identity,True,run_0001,103
112,113,2,editorial_identity,True,run_0001,111
118,119,5,editorial_identity,True,run_0001,114
121,122,2,editorial_identity,True,run_0001,120
129,130,7,editorial_identity,True,run_0001,123
141,142,11,editorial_identity,True,run_0001,131
159,160,11,editorial_identity,True,run_0001,149
171,172,2,editorial_identity,True,run_0001,170
178,179,1,editorial_identity,True,run_0001,178
181,182,2,editorial_identity,True,run_0001,180
190,191,2,editorial_identity,True,run_0001,189
192,193,1,editorial_identity,True,run_0001,192
197,198,3,editorial_identity,True,run_0001,195
204,205,6,editorial_identity,True,run_0001,199
208,209,3,editorial_identity,True,run_0001,206
210,211,1,editorial_identity,True,run_0001,210
212,213,1,editorial_identity,True,run_0001,212
215,216,1,editorial_identity,True,run_0001,215
224,225,8,editorial_identity,True,run_0001,217
228,229,3,editorial_identity,True,run_0001,226
230,231,1,editorial_identity,True,run_0001,230
247,248,16,editorial_identity,True,run_0001,232
250,,2,editorial_identity,False,run_0001,249
1,2,1,production_editorial,True,run_0002,1
4,5,1,production_editorial,True,run_0002,4
8,9,1,production_editorial,True,run_0002,8
11,12,1,production_editorial,True,run_0002,11
14,15,1,production_editorial,True,run_0002,14
17,18,1,production_editorial,True,run_0002,17
20,21,1,production_editorial,True,run_0002,20
26,27,1,production_editorial,True,run_0002,26
35,36,1,production_editorial,True,run_0002,35
47,48,2,production_editorial,True,run_0002,46
86,87,1,production_editorial,True,run_0002,86
91,92,1,production_editorial,True,run_0002,91
95,96,1,production_editorial,True,run_0002,95
113,114,1,production_editorial,True,run_0002,113
118,119,1,production_editorial,True,run_0002,118
122,123,1,production_editorial,True,run_0002,122
125,126,1,production_editorial,True,run_0002,125
128,129,2,production_editorial,True,run_0002,127
130,131,1,production_editorial,True,run_0002,130
133,134,1,production_editorial,True,run_0002,133
136,137,1,production_editorial,True,run_0002,136
139,140,1,production_editorial,True,run_0002,139
143,144,2,production_editorial,True,run_0002,142
146,147,2,production_editorial,True,run_0002,145
149,150,2,production_editorial,True,run_0002,148
152,153,2,production_editorial,True,run_0002,151
155,156,2,production_editorial,True,run_0002,154
166,167,1,production_editorial,True,run_0002,166
179,180,2,production_editorial,True,run_0002,178
187,188,1,production_editorial,True,run_0002,187
195,196,1,production_editorial,True,run_0002,195
197,198,1,production_editorial,True,run_0002,197
200,201,1,production_editorial,True,run_0002,200
203,204,1,production_editorial,True,run_0002,203
207,208,3,production_editorial,True,run_0002,205
224,225,13,production_editorial,True,run_0002,212
226,227,1,production_editorial,True,run_0002,226
229,230,1,production_editorial,True,run_0002,229
238,239,7,production_editorial,True,run_0002,232
244,245,5,production_editorial,True,run_0002,240
247,248,2,production_editorial,True,run_0002,246
27,28,1,production_identity,True,run_0002,27
42,43,1,production_identity,True,run_0002,42
49,50,5,production_identity,True,run_0002,45
57,58,1,production_identity,True,run_0002,57
74,75,1,production_identity,True,run_0002,74
82,83,2,production_identity,True,run_0002,81
85,86,2,production_identity,True,run_0002,84
90,91,4,production_identity,True,run_0002,87
93,94,2,production_identity,True,run_0002,92
105,106,11,production_identity,True,run_0002,95
108,109,2,production_identity,True,run_0002,107
116,117,7,production_identity,True,run_0002,110
119,120,1,production_identity,True,run_0002,119
123,124,1,production_identity,True,run_0002,123
128,129,4,production_identity,True,run_0002,125
133,134,4,production_identity,True,run_0002,130
135,136,1,production_identity,True,run_0002,135
145,146,5,production_identity,True,run_0002,141
148,149,1,production_identity,True,run_0002,148
159,160,7,production_identity,True,run_0002,153
165,166,2,production_identity,True,run_0002,164
169,170,3,production_identity,True,run_0002,167
173,174,2,production_identity,True,run_0002,172
179,180,4,production_identity,True,run_0002,176
181,182,1,production_identity,True,run_0002,181
186,187,1,production_identity,True,run_0002,186
190,191,1,production_identity,True,run_0002,190
192,193,1,production_identity,True,run_0002,192
196,197,3,production_identity,True,run_0002,194
201,202,2,production_identity,True,run_0002,200
204,205,1,production_identity,True,run_0002,204
206,207,1,production_identity,True,run_0002,206
210,211,2,production_identity,True,run_0002,209
216,217,5,production_identity,True,run_0002,212
222,223,4,production_identity,True,run_0002,219
226,227,3,production_identity,True,run_0002,224
231,232,4,production_identity,True,run_0002,228
236,237,2,production_identity,True,run_0002,235
248,249,11,production_identity,True,run_0002,238
1,2,1,editorial_identity,True,run_0002,1
4,5,1,editorial_identity,True,run_0002,4
8,9,1,editorial_identity,True,run_0002,8
11,12,1,editorial_identity,True,run_0002,11
14,15,1,editorial_identity,True,run_0002,14
17,18,1,editorial_identity,True,run_0002,17
20,21,1,editorial_identity,True,run_0002,20
27,28,2,editorial_identity,True,run_0002,26
35,36,1,editorial_identity,True,run_0002,35
42,43,1,editorial_identity,True,run_0002,42
46,47,2,editorial_identity,True,run_0002,45
49,50,2,editorial_identity,True,run_0002,48
57,58,1,editorial_identity,True,run_0002,57
74,75,1,editorial_identity,True,run_0002,74
82,83,2,editorial_identity,True,run_0002,81
93,94,10,editorial_identity,True,run_0002,84
105,106,11,editorial_identity,True,run_0002,95
108,109,2,editorial_identity,True,run_0002,107
116,117,7,editorial_identity,True,run_0002,110
119,120,2,editorial_identity,True,run_0002,118
123,124,2,editorial_identity,True,run_0002,122
128,129,4,editorial_identity,True,run_0002,125
132,133,2,editorial_identity,True,run_0002,131
136,137,2,editorial_identity,True,run_0002,135
139,140,1,editorial_identity,True,run_0002,139
142,143,2,editorial_identity,True,run_0002,141
146,147,3,editorial_identity,True,run_0002,144
149,150,2,editorial_identity,True,run_0002,148
154,155,4,editorial_identity,True,run_0002,151
159,160,4,editorial_identity,True,run_0002,156
169,170,6,editorial_identity,True,run_0002,164
173,174,2,editorial_identity,True,run_0002,172
177,178,2,editorial_identity,True,run_0002,176
179,180,1,editorial_identity,True,run_0002,179
181,182,1,editorial_identity,True,run_0002,181
187,188,2,editorial_identity,True,run_0002,186
190,191,1,editorial_identity,True,run_0002,190
192,193,1,editorial_identity,True,run_0002,192
197,198,4,editorial_identity,True,run_0002,194
201,202,2,editorial_identity,True,run_0002,200
207,208,5,editorial_identity,True,run_0002,203
210,211,2,editorial_identity,True,run_0002,209
212,213,1,editorial_identity,True,run_0002,212
226,227,13,editorial_identity,True,run_0002,214
235,236,8,editorial_identity,True,run_0002,228
248,249,12,editorial_identity,True,run_0002,237
17,18,1,production_editorial,True,run_0003,17
19,20,1,production_editorial,True,run_0003,19
28,29,1,production_editorial,True,run_0003,28
31,32,1,production_editorial,True,run_0003,31
35,36,2,production_editorial,True,run_0003,34
41,42,2,production_editorial,True,run_0003,40
47,48,2,production_editorial,True,run_0003,46
50,51,1,production_editorial,True,run_0003,50
52,53,1,production_editorial,True,run_0003,52
106,107,2,production_editorial,True,run_0003,105
109,110,1,production_editorial,True,run_0003,109
112,113,1,production_editorial,True,run_0003,112
118,119,1,production_editorial,True,run_0003,118
124,125,1,production_editorial,True,run_0003,124
127,128,2,production_editorial,True,run_0003,126
136,137,1,production_editorial,True,run_0003,136
142,143,2,production_editorial,True,run_0003,141
145,146,2,production_editorial,True,run_0003,144
148,149,1,production_editorial,True,run_0003,148
151,152,2,production_editorial,True,run_0003,150
153,154,1,production_editorial,True,run_0003,153
191,192,1,production_editorial,True,run_0003,191
196,197,4,production_editorial,True,run_0003,193
199,200,2,production_editorial,True,run_0003,198
201,202,1,production_editorial,True,run_0003,201
208,209,4,production_editorial,True,run_0003,205
216,217,7,production_editorial,True,run_0003,210
223,224,6,production_editorial,True,run_0003,218
229,230,2,production_editorial,True,run_0003,228
233,234,3,production_editorial,True,run_0003,231
237,238,3,production_editorial,True,run_0003,235
239,240,1,production_editorial,True,run_0003,239
242,243,2,production_editorial,True,run_0003,241
246,247,3,production_editorial,True,run_0003,244
3,4,1,production_identity,True,run_0003,3
24,25,1,production_identity,True,run_0003,24
61,62,1,production_identity,True,run_0003,61
78,79,1,production_identity,True,run_0003,78
84,85,1,production_identity,True,run_0003,84
90,91,1,production_identity,True,run_0003,90
94,95,1,production_identity,True,run_0003,94
100,101,1,production_identity,True,run_0003,100
104,105,1,production_identity,True,run_0003,104
107,108,1,production_identity,True,run_0003,107
110,111,1,production_identity,True,run_0003,110
119,120,1,production_identity,True,run_0003,119
140,141,1,production_identity,True,run_0003,140
153,154,9,production_identity,True,run_0003,145
156,157,2,production_identity,True,run_0003,155
159,160,2,production_identity,True,run_0003,158
171,172,1,production_identity,True,run_0003,171
174,175,2,production_identity,True,run_0003,173
177,178,1,production_identity,True,run_0003,177
184,185,1,production_identity,True,run_0003,184
191,192,4,production_identity,True,run_0003,188
195,196,1,production_identity,True,run_0003,195
198,199,1,production_identity,True,run_0003,198
202,203,1,production_identity,True,run_0003,202
204,205,1,production_identity,True,run_0003,204
206,207,1,production_identity,True,run_0003,206
212,213,1,production_identity,True,run_0003,212
215,216,2,production_identity,True,run_0003,214
221,222,5,production_identity,True,run_0003,217
223,224,1,production_identity,True,run_0003,223
225,226,1,production_identity,True,run_0003,225
228,229,1,production_identity,True,run_0003,228
232,233,2,production_identity,True,run_0003,231
234,235,1,production_identity,True,run_0003,234
245,246,10,production_identity,True,run_0003,236
249,250,1,production_identity,True,run_0003,249
3,4,1,editorial_identity,True,run_0003,3
17,18,1,editorial_identity,True,run_0003,17
19,20,1,editorial_identity,True,run_0003,19
24,25,1,editorial_identity,True,run_0003,24
28,29,1,editorial_identity,True,run_0003,28
31,32,1,editorial_identity,True,run_0003,31
35,36,2,editorial_identity,True,run_0003,34
41,42,2,editorial_identity,True,run_0003,40
47,48,2,editorial_identity,True,run_0003,46
50,51,1,editorial_identity,True,run_0003,50
52,53,1,editorial_identity,True,run_0003,52
61,62,1,editorial_identity,True,run_0003,61
78,79,1,editorial_identity,True,run_0003,78
84,85,1,editorial_identity,True,run_0003,84
90,91,1,editorial_identity,True,run_0003,90
94,95,1,editorial_identity,True,run_0003,94
100,101,1,editorial_identity,True,run_0003,100
107,108,4,editorial_identity,True,run_0003,104
110,111,2,editorial_identity,True,run_0003,109
112,113,1,editorial_identity,True,run_0003,112
119,120,2,editorial_identity,True,run_0003,118
124,125,1,editorial_identity,True,run_0003,124
127,128,2,editorial_identity,True,run_0003,126
136,137,1,editorial_identity,True,run_0003,136
142,143,3,editorial_identity,True,run_0003,140
147,148,4,editorial_identity,True,run_0003,144
153,154,5,editorial_identity,True,run_0003,149
156,157,2,editorial_identity,True,run_0003,155
159,160,2,editorial_identity,True,run_0003,158
171,172,1,editorial_identity,True,run_0003,171
174,175,2,editorial_identity,True,run_0003,173
177,178,1,editorial_identity,True,run_0003,177
184,185,1,editorial_identity,True,run_0003,184
190,191,3,editorial_identity,True,run_0003,188
196,197,4,editorial_identity,True,run_0003,193
199,200,2,editorial_identity,True,run_0003,198
202,203,2,editorial_identity,True,run_0003,201
205,206,2,editorial_identity,True,run_0003,204
208,209,2,editorial_identity,True,run_0003,207
220,221,11,editorial_identity,True,run_0003,210
223,224,2,editorial_identity,True,run_0003,222
225,226,1,editorial_identity,True,run_0003,225
229,230,2,editorial_identity,True,run_0003,228
246,247,16,editorial_identity,True,run_0003,231
249,250,1,editorial_identity,True,run_0003,249
4,5,1,production_editorial,True,run_0004,4
8,9,1,production_editorial,True,run_0004,8
10,11,1,production_editorial,True,run_0004,10
17,18,1,production_editorial,True,run_0004,17
22,23,1,production_editorial,True,run_0004,22
26,27,1,production_editorial,True,run_0004,26
29,30,2,production_editorial,True,run_0004,28
31,32,1,production_editorial,True,run_0004,31
35,36,2,production_editorial,True,run_0004,34
38,39,2,production_editorial,True,run_0004,37
50,51,2,production_editorial,True,run_0004,49
97,98,1,production_editorial,True,run_0004,97
101,102,1,production_editorial,True,run_0004,101
114,115,1,production_editorial,True,run_0004,114
120,121,1,production_editorial,True,run_0004,120
123,124,1,production_editorial,True,run_0004,123
128,129,1,production_editorial,True,run_0004,128
132,133,2,production_editorial,True,run_0004,131
135,136,2,production_editorial,True,run_0004,134
137,138,1,production_editorial,True,run_0004,137
140,141,1,production_editorial,True,run_0004,140
144,145,1,production_editorial,True,run_0004,144
147,148,2,production_editorial,True,run_0004,146
150,151,1,production_editorial,True,run_0004,150
152,153,1,production_editorial,True,run_0004,152
155,156,1,production_editorial,True,run_0004,155
161,162,1,production_editorial,True,run_0004,161
171,172,1,production_editorial,True,run_0004,171
177,178,4,production_editorial,True,run_0004,174
184,185,2,production_editorial,True,run_0004,183
187,188,2,production_editorial,True,run_0004,186
189,190,1,production_editorial,True,run_0004,189
197,198,2,production_editorial,True,run_0004,196
209,210,11,production_editorial,True,run_0004,199
212,213,1,production_editorial,True,run_0004,212
215,216,1,production_editorial,True,run_0004,215
218,219,1,production_editorial,True,run_0004,218
222,223,3,production_editorial,True,run_0004,220
226,227,3,production_editorial,True,run_0004,224
228,229,1,production_editorial,True,run_0004,228
235,236,6,production_editorial,True,run_0004,230
239,240,3,production_editorial,True,run_0004,237
241,242,1,production_editorial,True,run_0004,241
246,247,3,production_editorial,True,run_0004,244
249,250,1,production_editorial,True,run_0004,249
33,34,1,production_identity,True,run_0004,33
39,40,4,production_identity,True,run_0004,36
48,49,1,production_identity,True,run_0004,48
68,69,2,production_identity,True,run_0004,67
81,82,1,production_identity,True,run_0004,81
109,110,1,production_identity,True,run_0004,109
118,119,1,production_identity,True,run_0004,118
121,122,1,production_identity,True,run_0004,121
124,125,1,production_identity,True,run_0004,124
130,131,1,production_identity,True,run_0004,130
137,138,1,production_identity,True,run_0004,137
139,140,1,production_identity,True,run_0004,139
145,146,1,production_identity,True,run_0004,145
147,148,1,production_identity,True,run_0004,147
150,151,1,production_identity,True,run_0004,150
155,156,3,production_identity,True,run_0004,153
157,158,1,production_identity,True,run_0004,157
162,163,1,production_identity,True,run_0004,162
164,165,1,production_identity,True,run_0004,164
187,188,5,production_identity,True,run_0004,183
189,190,1,production_identity,True,run_0004,189
194,195,2,production_identity,True,run_0004,193
197,198,1,production_identity,True,run_0004,197
199,200,1,production_identity,True,run_0004,199
202,203,2,production_identity,True,run_0004,201
209,210,6,production_identity,True,run_0004,204
213,214,2,production_identity,True,run_0004,212
218,219,2,production_identity,True,run_0004,217
222,223,2,production_identity,True,run_0004,221
224,225,1,production_identity,True,run_0004,224
226,227,1,production_identity,True,run_0004,226
228,229,1,production_identity,True,run_0004,228
234,235,5,production_identity,True,run_0004,230
245,246,10,production_identity,True,run_0004,236
248,249,1,production_identity,True,run_0004,248
4,5,1,editorial_identity,True,run_0004,4
8,9,1,editorial_identity,True,run_0004,8
10,11,1,editorial_identity,True,run_0004,10
17,18,1,editorial_identity,True,run_0004,17
22,23,1,editorial_identity,True,run_0004,22
26,27,1,editorial_identity,True,run_0004,26
29,30,2,editorial_identity,True,run_0004,28
31,32,1,editorial_identity,True,run_0004,31
37,38,5,editorial_identity,True,run_0004,33
39,40,1,editorial_identity,True,run_0004,39
50,51,3,editorial_identity,True,run_0004,48
68,69,2,editorial_identity,True,run_0004,67
81,82,1,editorial_identity,True,run_0004,81
97,98,1,editorial_identity,True,run_0004,97
101,102,1,editorial_identity,True,run_0004,101
109,110,1,editorial_identity,True,run_0004,109
114,115,1,editorial_identity,True,run_0004,114
118,119,1,editorial_identity,True,run_0004,118
121,122,2,editorial_identity,True,run_0004,120
124,125,2,editorial_identity,True,run_0004,123
128,129,1,editorial_identity,True,run_0004,128
132,133,3,editorial_identity,True,run_0004,130
135,136,2,editorial_identity,True,run_0004,134
137,138,1,editorial_identity,True,run_0004,137
140,141,2,editorial_identity,True,run_0004,139
146,147,3,editorial_identity,True,run_0004,144
154,155,3,editorial_identity,True,run_0004,152
157,158,1,editorial_identity,True,run_0004,157
162,163,2,editorial_identity,True,run_0004,161
164,165,1,editorial_identity,True,run_0004,164
171,172,1,editorial_identity,True,run_0004,171
177,178,4,editorial_identity,True,run_0004,174
183,184,1,editorial_identity,True,run_0004,183
185,186,1,editorial_identity,True,run_0004,185
187,188,1,editorial_identity,True,run_0004,187
194,195,2,editorial_identity,True,run_0004,193
196,197,1,editorial_identity,True,run_0004,196
200,201,2,editorial_identity,True,run_0004,199
205,206,4,editorial_identity,True,run_0004,202
209,210,2,editorial_identity,True,run_0004,208
213,214,2,editorial_identity,True,run_0004,212
215,216,1,editorial_identity,True,run_0004,215
217,218,1,editorial_identity,True,run_0004,217
220,221,1,editorial_identity,True,run_0004,220
222,223,1,editorial_identity,True,run_0004,222
226,227,3,editorial_identity,True,run_0004,224
228,229,1,editorial_identity,True,run_0004,228
232,233,3,editorial_identity,True,run_0004,230
240,241,7,editorial_identity,True,run_0004,234
246,247,5,editorial_identity,True,run_0004,242
249,250,2,editorial_identity,True,run_0004,248
13,14,1,production_editorial,True,run_0005,13
20,21,1,production_editorial,True,run_0005,20
26,27,1,production_editorial,True,run_0005,26
44,45,1,production_editorial,True,run_0005,44
47,48,2,production_editorial,True,run_0005,46
50,51,2,production_editorial,True,run_0005,49
53,54,2,production_editorial,True,run_0005,52
55,56,1,production_editorial,True,run_0005,55
69,70,2,production_editorial,True,run_0005,68
72,73,2,production_editorial,True,run_0005,71
75,76,2,production_editorial,True,run_0005,74
78,79,2,production_editorial,True,run_0005,77
84,85,5,production_editorial,True,run_0005,80
89,90,4,production_editorial,True,run_0005,86
91,92,1,production_editorial,True,run_0005,91
94,95,2,production_editorial,True,run_0005,93
106,107,11,production_editorial,True,run_0005,96
109,110,2,production_editorial,True,run_0005,108
123,124,13,production_editorial,True,run_0005,111
137,138,13,production_editorial,True,run_0005,125
140,141,2,production_editorial,True,run_0005,139
149,150,8,production_editorial,True,run_0005,142
158,159,8,production_editorial,True,run_0005,151
163,164,1,production_editorial,True,run_0005,163
167,168,2,production_editorial,True,run_0005,166
170,171,2,production_editorial,True,run_0005,169
179,180,8,production_editorial,True,run_0005,172
181,182,1,production_editorial,True,run_0005,181
193,194,10,production_editorial,True,run_0005,184
196,197,1,production_editorial,True,run_0005,196
199,200,2,production_editorial,True,run_0005,198
205,206,4,production_editorial,True,run_0005,202
209,210,3,production_editorial,True,run_0005,207
211,212,1,production_editorial,True,run_0005,211
214,215,1,production_editorial,True,run_0005,214
219,220,4,production_editorial,True,run_0005,216
223,224,2,production_editorial,True,run_0005,222
228,229,4,production_editorial,True,run_0005,225
233,234,3,production_editorial,True,run_0005,231
235,236,1,production_editorial,True,run_0005,235
246,247,4,production_editorial,True,run_0005,243
20,21,1,production_identity,True,run_0005,20
23,24,2,production_identity,True,run_0005,22
26,27,1,production_identity,True,run_0005,26
32,33,1,production_identity,True,run_0005,32
37,38,1,production_identity,True,run_0005,37
39,40,1,production_identity,True,run_0005,39
44,45,1,production_identity,True,run_0005,44
46,47,1,production_identity,True,run_0005,46
51,52,1,production_identity,True,run_0005,51
54,55,1,production_identity,True,run_0005,54
72,73,2,production_identity,True,run_0005,71
75,76,2,production_identity,True,run_0005,74
78,79,2,production_identity,True,run_0005,77
82,83,3,production_identity,True,run_0005,80
85,86,1,production_identity,True,run_0005,85
87,88,1,production_identity,True,run_0005,87
99,100,1,production_identity,True,run_0005,99
102,103,1,production_identity,True,run_0005,102
106,107,2,production_identity,True,run_0005,105
113,114,6,production_identity,True,run_0005,108
115,116,1,production_identity,True,run_0005,115
118,119,2,production_identity,True,run_0005,117
121,122,2,production_identity,True,run_0005,120
123,124,1,production_identity,True,run_0005,123
125,126,1,production_identity,True,run_0005,125
128,129,1,production_identity,True,run_0005,128
134,135,2,production_identity,True,run_0005,133
137,138,2,production_identity,True,run_0005,136
139,140,1,production_identity,True,run_0005,139
142,143,2,production_identity,True,run_0005,141
144,145,1,production_identity,True,run_0005,144
149,150,3,production_identity,True,run_0005,147
154,155,4,production_identity,True,run_0005,151
156,157,1,production_identity,True,run_0005,156
158,159,1,production_identity,True,run_0005,158
161,162,1,production_identity,True,run_0005,161
164,165,2,production_identity,True,run_0005,163
167,168,2,production_identity,True,run_0005,166
170,171,2,production_identity,True,run_0005,169
176,177,1,production_identity,True,run_0005,176
178,179,1,production_identity,True,run_0005,178
181,182,2,production_identity,True,run_0005,180
187,188,2,production_identity,True,run_0005,186
189,190,1,production_identity,True,run_0005,189
193,194,3,production_identity,True,run_0005,191
196,197,1,production_identity,True,run_0005,196
198,199,1,production_identity,True,run_0005,198
205,206,4,production_identity,True,run_0005,202
217,218,11,production_identity,True,run_0005,207
225,226,7,production_identity,True,run_0005,219
229,230,3,production_identity,True,run_0005,227
236,237,6,production_identity,True,run_0005,231
248,249,11,production_identity,True,run_0005,238
250,,1,production_identity,False,run_0005,250
13,14,1,editorial_identity,True,run_0005,13
20,21,1,editorial_identity,True,run_0005,20
23,24,2,editorial_identity,True,run_0005,22
32,33,1,editorial_identity,True,run_0005,32
37,38,1,editorial_identity,True,run_0005,37
39,40,1,editorial_identity,True,run_0005,39
47,48,2,editorial_identity,True,run_0005,46
55,56,7,editorial_identity,True,run_0005,49
69,70,2,editorial_identity,True,run_0005,68
77,78,1,editorial_identity,True,run_0005,77
81,82,1,editorial_identity,True,run_0005,81
89,90,7,editorial_identity,True,run_0005,83
91,92,1,editorial_identity,True,run_0005,91
94,95,2,editorial_identity,True,run_0005,93
106,107,11,editorial_identity,True,run_0005,96
123,124,16,editorial_identity,True,run_0005,108
137,138,13,editorial_identity,True,run_0005,125
143,144,5,editorial_identity,True,run_0005,139
149,150,5,editorial_identity,True,run_0005,145
158,159,8,editorial_identity,True,run_0005,151
161,162,1,editorial_identity,True,run_0005,161
164,165,2,editorial_identity,True,run_0005,163
167,168,2,editorial_identity,True,run_0005,166
170,171,1,editorial_identity,True,run_0005,170
175,176,4,editorial_identity,True,run_0005,172
181,182,5,editorial_identity,True,run_0005,177
186,187,3,editorial_identity,True,run_0005,184
191,192,4,editorial_identity,True,run_0005,188
193,194,1,editorial_identity,True,run_0005,193
199,200,1,editorial_identity,True,run_0005,199
205,206,4,editorial_identity,True,run_0005,202
229,230,22,editorial_identity,True,run_0005,208
236,237,6,editorial_identity,True,run_0005,231
248,249,11,editorial_identity,True,run_0005,238
250,,1,editorial_identity,False,run_0005,250
14,15,1,production_editorial,True,run_0006,14
28,29,1,production_editorial,True,run_0006,28
32,33,2,production_editorial,True,run_0006,31
35,36,2,production_editorial,True,run_0006,34
37,38,1,production_editorial,True,run_0006,37
41,42,2,production_editorial,True,run_0006,40
43,44,1,production_editorial,True,run_0006,43
46,47,1,production_editorial,True,run_0006,46
50,51,1,production_editorial,True,run_0006,50
53,54,2,production_editorial,True,run_0006,52
56,57,2,production_editorial,True,run_0006,55
71,72,1,production_editorial,True,run_0006,71
77,78,1,production_editorial,True,run_0006,77
82,83,1,production_editorial,True,run_0006,82
92,93,1,production_editorial,True,run_0006,92
94,95,1,production_editorial,True,run_0006,94
98,99,1,production_editorial,True,run_0006,98
101,102,2,production_editorial,True,run_0006,100
105,106,2,production_editorial,True,run_0006,104
112,113,1,production_editorial,True,run_0006,112
118,119,2,production_editorial,True,run_0006,117
127,128,2,production_editorial,True,run_0006,126
132,133,1,production_editorial,True,run_0006,132
136,137,1,production_editorial,True,run_0006,136
138,139,1,production_editorial,True,run_0006,138
141,142,1,production_editorial,True,run_0006,141
145,146,2,production_editorial,True,run_0006,144
150,151,1,production_editorial,True,run_0006,150
154,155,2,production_editorial,True,run_0006,153
157,158,2,production_editorial,True,run_0006,156
159,160,1,production_editorial,True,run_0006,159
171,172,1,production_editorial,True,run_0006,171
201,202,2,production_editorial,True,run_0006,200
211,212,1,production_editorial,True,run_0006,211
217,218,4,production_editorial,True,run_0006,214
220,221,1,production_editorial,True,run_0006,220
225,226,1,production_editorial,True,run_0006,225
228,229,2,production_editorial,True,run_0006,227
232,233,3,production_editorial,True,run_0006,230
236,237,3,production_editorial,True,run_0006,234
239,240,2,production_editorial,True,run_0006,238
243,244,3,production_editorial,True,run_0006,241
3,4,1,production_identity,True,run_0006,3
15,16,1,production_identity,True,run_0006,15
28,29,1,production_identity,True,run_0006,28
31,32,1,production_identity,True,run_0006,31
46,47,1,production_identity,True,run_0006,46
51,52,2,production_identity,True,run_0006,50
55,56,1,production_identity,True,run_0006,55
58,59,1,production_identity,True,run_0006,58
72,73,1,production_identity,True,run_0006,72
84,85,1,production_identity,True,run_0006,84
87,88,1,production_identity,True,run_0006,87
106,107,1,production_identity,True,run_0006,106
110,111,1,production_identity,True,run_0006,110
113,114,1,production_identity,True,run_0006,113
122,123,1,production_identity,True,run_0006,122
125,126,1,production_identity,True,run_0006,125
128,129,1,production_identity,True,run_0006,128
131,132,1,production_identity,True,run_0006,131
134,135,1,production_identity,True,run_0006,134
140,141,1,production_identity,True,run_0006,140
146,147,2,production_identity,True,run_0006,145
150,151,1,production_identity,True,run_0006,150
155,156,1,production_identity,True,run_0006,155
163,164,1,production_identity,True,run_0006,163
173,174,1,production_identity,True,run_0006,173
179,180,1,production_identity,True,run_0006,179
183,184,2,production_identity,True,run_0006,182
185,186,1,production_identity,True,run_0006,185
190,191,2,production_identity,True,run_0006,189
193,194,2,production_identity,True,run_0006,192
196,197,1,production_identity,True,run_0006,196
204,205,7,production_identity,True,run_0006,198
209,210,3,production_identity,True,run_0006,207
214,215,4,production_identity,True,run_0006,211
219,220,2,production_identity,True,run_0006,218
221,222,1,production_identity,True,run_0006,221
224,225,2,production_identity,True,run_0006,223
230,231,5,production_identity,True,run_0006,226
232,233,1,production_identity,True,run_0006,232
234,235,1,production_identity,True,run_0006,234
248,249,13,production_identity,True,run_0006,236
3,4,1,editorial_identity,True,run_0006,3
15,16,2,editorial_identity,True,run_0006,14
28,29,1,editorial_identity,True,run_0006,28
32,33,2,editorial_identity,True,run_0006,31
35,36,2,editorial_identity,True,run_0006,34
37,38,1,editorial_identity,True,run_0006,37
41,42,2,editorial_identity,True,run_0006,40
43,44,1,editorial_identity,True,run_0006,43
53,54,4,editorial_identity,True,run_0006,50
56,57,2,editorial_identity,True,run_0006,55
58,59,1,editorial_identity,True,run_0006,58
72,73,2,editorial_identity,True,run_0006,71
77,78,1,editorial_identity,True,run_0006,77
82,83,1,editorial_identity,True,run_0006,82
84,85,1,editorial_identity,True,run_0006,84
87,88,1,editorial_identity,True,run_0006,87
92,93,1,editorial_identity,True,run_0006,92
94,95,1,editorial_identity,True,run_0006,94
98,99,1,editorial_identity,True,run_0006,98
101,102,2,editorial_identity,True,run_0006,100
106,107,3,editorial_identity,True,run_0006,104
110,111,1,editorial_identity,True,run_0006,110
113,114,2,editorial_identity,True,run_0006,112
118,119,2,editorial_identity,True,run_0006,117
122,123,1,editorial_identity,True,run_0006,122
128,129,4,editorial_identity,True,run_0006,125
132,133,2,editorial_identity,True,run_0006,131
134,135,1,editorial_identity,True,run_0006,134
136,137,1,editorial_identity,True,run_0006,136
138,139,1,editorial_identity,True,run_0006,138
141,142,2,editorial_identity,True,run_0006,140
144,145,1,editorial_identity,True,run_0006,144
146,147,1,editorial_identity,True,run_0006,146
157,158,5,editorial_identity,True,run_0006,153
159,160,1,editorial_identity,True,run_0006,159
163,164,1,editorial_identity,True,run_0006,163
171,172,1,editorial_identity,True,run_0006,171
173,174,1,editorial_identity,True,run_0006,173
179,180,1,editorial_identity,True,run_0006,179
183,184,2,editorial_identity,True,run_0006,182
185,186,1,editorial_identity,True,run_0006,185
190,191,2,editorial_identity,True,run_0006,189
193,194,2,editorial_identity,True,run_0006,192
196,197,1,editorial_identity,True,run_0006,196
199,200,2,editorial_identity,True,run_0006,198
204,205,4,editorial_identity,True,run_0006,201
209,210,3,editorial_identity,True,run_0006,207
221,222,11,editorial_identity,True,run_0006,211
232,233,10,editorial_identity,True,run_0006,223
248,249,14,editorial_identity,True,run_0006,235
20,21,1,production_editorial,True,run_0007,20
22,23,1,production_editorial,True,run_0007,22
28,29,1,production_editorial,True,run_0007,28
31,32,1,production_editorial,True,run_0007,31
38,39,2,production_editorial,True,run_0007,37
40,41,1,production_editorial,True,run_0007,40
44,45,2,production_editorial,True,run_0007,43
47,48,2,production_editorial,True,run_0007,46
49,50,1,production_editorial,True,run_0007,49
53,54,1,production_editorial,True,run_0007,53
56,57,2,production_editorial,True,run_0007,55
105,106,1,production_editorial,True,run_0007,105
108,109,1,production_editorial,True,run_0007,108
110,111,1,production_editorial,True,run_0007,110
114,115,1,production_editorial,True,run_0007,114
120,121,2,production_editorial,True,run_0007,119
122,123,1,production_editorial,True,run_0007,122
125,126,2,production_editorial,True,run_0007,124
135,136,2,production_editorial,True,run_0007,134
143,144,7,production_editorial,True,run_0007,137
159,160,15,production_editorial,True,run_0007,145
162,163,1,production_editorial,True,run_0007,162
167,168,1,production_editorial,True,run_0007,167
169,170,1,production_editorial,True,run_0007,169
171,172,1,production_editorial,True,run_0007,171
173,174,1,production_editorial,True,run_0007,173
175,176,1,production_editorial,True,run_0007,175
179,180,3,production_editorial,True,run_0007,177
187,188,2,production_editorial,True,run_0007,186
190,191,2,production_editorial,True,run_0007,189
197,198,5,production_editorial,True,run_0007,193
199,200,1,production_editorial,True,run_0007,199
202,203,2,production_editorial,True,run_0007,201
206,207,2,production_editorial,True,run_0007,205
208,209,1,production_editorial,True,run_0007,208
211,212,2,production_editorial,True,run_0007,210
215,216,2,production_editorial,True,run_0007,214
222,223,4,production_editorial,True,run_0007,219
226,227,3,production_editorial,True,run_0007,224
232,233,5,production_editorial,True,run_0007,228
235,236,2,production_editorial,True,run_0007,234
237,238,1,production_editorial,True,run_0007,237
244,245,6,production_editorial,True,run_0007,239
246,247,1,production_editorial,True,run_0007,246
249,250,1,production_editorial,True,run_0007,249
18,19,1,production_identity,True,run_0007,18
27,28,1,production_identity,True,run_0007,27
29,30,1,production_identity,True,run_0007,29
31,32,1,production_identity,True,run_0007,31
41,42,2,production_identity,True,run_0007,40
44,45,1,production_identity,True,run_0007,44
47,48,2,production_identity,True,run_0007,46
55,56,2,production_identity,True,run_0007,54
75,76,1,production_identity,True,run_0007,75
81,82,1,production_identity,True,run_0007,81
90,91,1,production_identity,True,run_0007,90
97,98,1,production_identity,True,run_0007,97
103,104,1,production_identity,True,run_0007,103
112,113,1,production_identity,True,run_0007,112
115,116,1,production_identity,True,run_0007,115
118,119,1,production_identity,True,run_0007,118
128,129,1,production_identity,True,run_0007,128
133,134,3,production_identity,True,run_0007,131
138,139,1,production_identity,True,run_0007,138
140,141,1,production_identity,True,run_0007,140
145,146,4,production_identity,True,run_0007,142
148,149,2,production_identity,True,run_0007,147
151,152,1,production_identity,True,run_0007,151
157,158,1,production_identity,True,run_0007,157
165,166,1,production_identity,True,run_0007,165
167,168,1,production_identity,True,run_0007,167
177,178,1,production_identity,True,run_0007,177
183,184,3,production_identity,True,run_0007,181
186,187,1,production_identity,True,run_0007,186
190,191,1,production_identity,True,run_0007,190
193,194,1,production_identity,True,run_0007,193
197,198,1,production_identity,True,run_0007,197
199,200,1,production_identity,True,run_0007,199
201,202,1,production_identity,True,run_0007,201
206,207,1,production_identity,True,run_0007,206
209,210,1,production_identity,True,run_0007,209
211,212,1,production_identity,True,run_0007,211
214,215,1,production_identity,True,run_0007,214
217,218,2,production_identity,True,run_0007,216
226,227,6,production_identity,True,run_0007,221
231,232,4,production_identity,True,run_0007,228
236,237,3,production_identity,True,run_0007,234
246,247,9,production_identity,True,run_0007,238
18,19,1,editorial_identity,True,run_0007,18
20,21,1,editorial_identity,True,run_0007,20
22,23,1,editorial_identity,True,run_0007,22
29,30,3,editorial_identity,True,run_0007,27
31,32,1,editorial_identity,True,run_0007,31
38,39,2,editorial_identity,True,run_0007,37
41,42,2,editorial_identity,True,run_0007,40
44,45,2,editorial_identity,True,run_0007,43
49,50,1,editorial_identity,True,run_0007,49
56,57,4,editorial_identity,True,run_0007,53
75,76,1,editorial_identity,True,run_0007,75
81,82,1,editorial_identity,True,run_0007,81
90,91,1,editorial_identity,True,run_0007,90
97,98,1,editorial_identity,True,run_0007,97
103,104,1,editorial_identity,True,run_0007,103
105,106,1,editorial_identity,True,run_0007,105
108,109,1,editorial_identity,True,run_0007,108
110,111,1,editorial_identity,True,run_0007,110
112,113,1,editorial_identity,True,run_0007,112
115,116,2,editorial_identity,True,run_0007,114
120,121,3,editorial_identity,True,run_0007,118
122,123,1,editorial_identity,True,run_0007,122
125,126,2,editorial_identity,True,run_0007,124
128,129,1,editorial_identity,True,run_0007,128
135,136,5,editorial_identity,True,run_0007,131
159,160,23,editorial_identity,True,run_0007,137
162,163,1,editorial_identity,True,run_0007,162
165,166,1,editorial_identity,True,run_0007,165
169,170,1,editorial_identity,True,run_0007,169
171,172,1,editorial_identity,True,run_0007,171
173,174,1,editorial_identity,True,run_0007,173
175,176,1,editorial_identity,True,run_0007,175
179,180,3,editorial_identity,True,run_0007,177
183,184,3,editorial_identity,True,run_0007,181
187,188,2,editorial_identity,True,run_0007,186
190,191,2,editorial_identity,True,run_0007,189
197,198,4,editorial_identity,True,run_0007,194
202,203,2,editorial_identity,True,run_0007,201
206,207,2,editorial_identity,True,run_0007,205
211,212,4,editorial_identity,True,run_0007,208
217,218,4,editorial_identity,True,run_0007,214
226,227,8,editorial_identity,True,run_0007,219
229,230,2,editorial_identity,True,run_0007,228
232,233,1,editorial_identity,True,run_0007,232
246,247,13,editorial_identity,True,run_0007,234
249,250,1,editorial_identity,True,run_0007,249
1,2,1,production_editorial,True,run_0008,1
8,9,1,production_editorial,True,run_0008,8
10,11,1,production_editorial,True,run_0008,10
16,17,1,production_editorial,True,run_0008,16
26,27,1,production_editorial,True,run_0008,26
29,30,1,production_editorial,True,run_0008,29
34,35,1,production_editorial,True,run_0008,34
38,39,1,production_editorial,True,run_0008,38
47,48,2,production_editorial,True,run_0008,46
50,51,2,production_editorial,True,run_0008,49
53,54,2,production_editorial,True,run_0008,52
56,57,2,production_editorial,True,run_0008,55
84,85,1,production_editorial,True,run_0008,84
89,90,1,production_editorial,True,run_0008,89
93,94,1,production_editorial,True,run_0008,93
98,99,1,production_editorial,True,run_0008,98
100,101,1,production_editorial,True,run_0008,100
104,105,1,production_editorial,True,run_0008,104
111,112,1,production_editorial,True,run_0008,111
117,118,1,production_editorial,True,run_0008,117
120,121,1,production_editorial,True,run_0008,120
122,123,1,production_editorial,True,run_0008,122
126,127,1,production_editorial,True,run_0008,126
128,129,1,production_editorial,True,run_0008,128
131,132,2,production_editorial,True,run_0008,130
134,135,1,production_editorial,True,run_0008,134
138,139,2,production_editorial,True,run_0008,137
141,142,2,production_editorial,True,run_0008,140
149,150,4,production_editorial,True,run_0008,146
152,153,2,production_editorial,True,run_0008,151
159,160,6,production_editorial,True,run_0008,154
168,169,2,production_editorial,True,run_0008,167
171,172,2,production_editorial,True,run_0008,170
173,174,1,production_editorial,True,run_0008,173
180,181,5,production_editorial,True,run_0008,176
182,183,1,production_editorial,True,run_0008,182
185,186,2,production_editorial,True,run_0008,184
189,190,1,production_editorial,True,run_0008,189
197,198,2,production_editorial,True,run_0008,196
199,200,1,production_editorial,True,run_0008,199
203,204,1,production_editorial,True,run_0008,203
206,207,1,production_editorial,True,run_0008,206
211,212,2,production_editorial,True,run_0008,210
213,214,1,production_editorial,True,run_0008,213
215,216,1,production_editorial,True,run_0008,215
221,222,5,production_editorial,True,run_0008,217
230,231,8,production_editorial,True,run_0008,223
233,234,2,production_editorial,True,run_0008,232
237,238,2,production_editorial,True,run_0008,236
244,245,4,production_editorial,True,run_0008,241
247,248,2,production_editorial,True,run_0008,246
9,10,1,production_identity,True,run_0008,9
12,13,1,production_identity,True,run_0008,12
28,29,2,production_identity,True,run_0008,27
34,35,2,production_identity,True,run_0008,33
38,39,1,production_identity,True,run_0008,38
40,41,1,production_identity,True,run_0008,40
42,43,1,production_identity,True,run_0008,42
46,47,2,production_identity,True,run_0008,45
50,51,3,production_identity,True,run_0008,48
52,53,1,production_identity,True,run_0008,52
57,58,1,production_identity,True,run_0008,57
79,80,1,production_identity,True,run_0008,79
82,83,1,production_identity,True,run_0008,82
88,89,1,production_identity,True,run_0008,88
91,92,1,production_identity,True,run_0008,91
100,101,1,production_identity,True,run_0008,100
103,104,1,production_identity,True,run_0008,103
106,107,1,production_identity,True,run_0008,106
109,110,1,production_identity,True,run_0008,109
112,113,1,production_identity,True,run_0008,112
118,119,1,production_identity,True,run_0008,118
121,122,1,production_identity,True,run_0008,121
127,128,1,production_identity,True,run_0008,127
131,132,1,production_identity,True,run_0008,131
137,138,4,production_identity,True,run_0008,134
141,142,2,production_identity,True,run_0008,140
155,156,2,production_identity,True,run_0008,154
157,158,1,production_identity,True,run_0008,157
168,169,1,production_identity,True,run_0008,168
171,172,1,production_identity,True,run_0008,171
177,178,5,production_identity,True,run_0008,173
182,183,1,production_identity,True,run_0008,182
184,185,1,production_identity,True,run_0008,184
189,190,1,production_identity,True,run_0008,189
192,193,1,production_identity,True,run_0008,192
196,197,1,production_identity,True,run_0008,196
200,201,2,production_identity,True,run_0008,199
202,203,1,production_identity,True,run_0008,202
204,205,1,production_identity,True,run_0008,204
208,209,3,production_identity,True,run_0008,206
211,212,1,production_identity,True,run_0008,211
213,214,1,production_identity,True,run_0008,213
215,216,1,production_identity,True,run_0008,215
218,219,2,production_identity,True,run_0008,217
221,222,1,production_identity,True,run_0008,221
223,224,1,production_identity,True,run_0008,223
231,232,6,production_identity,True,run_0008,226
234,235,2,production_identity,True,run_0008,233
238,239,3,production_identity,True,run_0008,236
250,,10,production_identity,False,run_0008,241
1,2,1,editorial_identity,True,run_0008,1
10,11,3,editorial_identity,True,run_0008,8
12,13,1,editorial_identity,True,run_0008,12
16,17,1,editorial_identity,True,run_0008,16
29,30,4,editorial_identity,True,run_0008,26
34,35,2,editorial_identity,True,run_0008,33
38,39,1,editorial_identity,True,run_0008,38
40,41,1,editorial_identity,True,run_0008,40
42,43,1,editorial_identity,True,run_0008,42
50,51,6,editorial_identity,True,run_0008,45
53,54,2,editorial_identity,True,run_0008,52
57,58,3,editorial_identity,True,run_0008,55
79,80,1,editorial_identity,True,run_0008,79
82,83,1,editorial_identity,True,run_0008,82
84,85,1,editorial_identity,True,run_0008,84
89,90,2,editorial_identity,True,run_0008,88
91,92,1,editorial_identity,True,run_0008,91
93,94,1,editorial_identity,True,run_0008,93
98,99,1,editorial_identity,True,run_0008,98
100,101,1,editorial_identity,True,run_0008,100
104,105,2,editorial_identity,True,run_0008,103
106,107,1,editorial_identity,True,run_0008,106
109,110,1,editorial_identity,True,run_0008,109
112,113,2,editorial_identity,True,run_0008,111
118,119,2,editorial_identity,True,run_0008,117
122,123,3,editorial_identity,True,run_0008,120
128,129,3,editorial_identity,True,run_0008,126
131,132,2,editorial_identity,True,run_0008,130
138,139,5,editorial_identity,True,run_0008,134
141,142,1,editorial_identity,True,run_0008,141
149,150,4,editorial_identity,True,run_0008,146
152,153,2,editorial_identity,True,run_0008,151
159,160,6,editorial_identity,True,run_0008,154
168,169,2,editorial_identity,True,run_0008,167
170,171,1,editorial_identity,True,run_0008,170
175,176,3,editorial_identity,True,run_0008,173
180,181,3,editorial_identity,True,run_0008,178
182,183,1,editorial_identity,True,run_0008,182
185,186,2,editorial_identity,True,run_0008,184
189,190,1,editorial_identity,True,run_0008,189
192,193,1,editorial_identity,True,run_0008,192
197,198,2,editorial_identity,True,run_0008,196
200,201,2,editorial_identity,True,run_0008,199
204,205,3,editorial_identity,True,run_0008,202
208,209,3,editorial_identity,True,run_0008,206
211,212,2,editorial_identity,True,run_0008,210
213,214,1,editorial_identity,True,run_0008,213
215,216,1,editorial_identity,True,run_0008,215
220,221,4,editorial_identity,True,run_0008,217
225,226,3,editorial_identity,True,run_0008,223
228,229,2,editorial_identity,True,run_0008,227
234,235,5,editorial_identity,True,run_0008,230
238,239,1,editorial_identity,True,run_0008,238
250,,10,editorial_identity,False,run_0008,241
20,21,2,production_editorial,True,run_0009,19
23,24,1,production_editorial,True,run_0009,23
26,27,2,production_editorial,True,run_0009,25
35,36,2,production_editorial,True,run_0009,34
37,38,1,production_editorial,True,run_0009,37
41,42,2,production_editorial,True,run_0009,40
44,45,2,production_editorial,True,run_0009,43
47,48,2,production_editorial,True,run_0009,46
50,51,2,production_editorial,True,run_0009,49
53,54,2,production_editorial,True,run_0009,52
75,76,1,production_editorial,True,run_0009,75
80,81,2,production_editorial,True,run_0009,79
83,84,2,production_editorial,True,run_0009,82
89,90,5,production_editorial,True,run_0009,85
91,92,1,production_editorial,True,run_0009,91
94,95,2,production_editorial,True,run_0009,93
99,100,2,production_editorial,True,run_0009,98
104,105,4,production_editorial,True,run_0009,101
108,109,1,production_editorial,True,run_0009,108
116,117,1,production_editorial,True,run_0009,116
123,124,3,production_editorial,True,run_0009,121
130,131,4,production_editorial,True,run_0009,127
135,136,3,production_editorial,True,run_0009,133
138,139,1,production_editorial,True,run_0009,138
143,144,4,production_editorial,True,run_0009,140
148,149,2,production_editorial,True,run_0009,147
150,151,1,production_editorial,True,run_0009,150
153,154,1,production_editorial,True,run_0009,153
156,157,1,production_editorial,True,run_0009,156
158,159,1,production_editorial,True,run_0009,158
167,168,1,production_editorial,True,run_0009,167
170,171,2,production_editorial,True,run_0009,169
175,176,1,production_editorial,True,run_0009,175
177,178,1,production_editorial,True,run_0009,177
179,180,1,production_editorial,True,run_0009,179
195,196,8,production_editorial,True,run_0009,188
200,201,4,production_editorial,True,run_0009,197
202,203,1,production_editorial,True,run_0009,202
205,206,2,production_editorial,True,run_0009,204
210,211,2,production_editorial,True,run_0009,209
214,215,2,production_editorial,True,run_0009,213
219,220,4,production_editorial,True,run_0009,216
238,239,18,production_editorial,True,run_0009,221
245,246,6,production_editorial,True,run_0009,240
248,249,2,production_editorial,True,run_0009,247
36,37,1,production_identity,True,run_0009,36
40,41,3,production_identity,True,run_0009,38
60,61,1,production_identity,True,run_0009,60
70,71,1,production_identity,True,run_0009,70
80,81,2,production_identity,True,run_0009,79
83,84,2,production_identity,True,run_0009,82
89,90,5,production_identity,True,run_0009,85
92,93,1,production_identity,True,run_0009,92
94,95,1,production_identity,True,run_0009,94
101,102,4,production_identity,True,run_0009,98
104,105,2,production_identity,True,run_0009,103
108,109,2,production_identity,True,run_0009,107
110,111,1,production_identity,True,run_0009,110
117,118,2,production_identity,True,run_0009,116
119,120,1,production_identity,True,run_0009,119
125,126,5,production_identity,True,run_0009,121
131,132,5,production_identity,True,run_0009,127
134,135,2,production_identity,True,run_0009,133
137,138,2,production_identity,True,run_0009,136
140,141,2,production_identity,True,run_0009,139
143,144,2,production_identity,True,run_0009,142
159,160,15,production_identity,True,run_0009,145
161,162,1,production_identity,True,run_0009,161
164,165,2,production_identity,True,run_0009,163
167,168,2,production_identity,True,run_0009,166
170,171,2,production_identity,True,run_0009,169
175,176,2,production_identity,True,run_0009,174
177,178,1,production_identity,True,run_0009,177
179,180,1,production_identity,True,run_0009,179
185,186,1,production_identity,True,run_0009,185
189,190,1,production_identity,True,run_0009,189
202,203,12,production_identity,True,run_0009,191
205,206,2,production_identity,True,run_0009,204
209,210,2,production_identity,True,run_0009,208
214,215,1,production_identity,True,run_0009,214
218,219,2,production_identity,True,run_0009,217
222,223,3,production_identity,True,run_0009,220
231,232,8,production_identity,True,run_0009,224
235,236,2,production_identity,True,run_0009,234
238,239,2,production_identity,True,run_0009,237
250,,11,production_identity,False,run_0009,240
20,21,2,editorial_identity,True,run_0009,19
23,24,1,editorial_identity,True,run_0009,23
26,27,2,editorial_identity,True,run_0009,25
41,42,8,editorial_identity,True,run_0009,34
44,45,2,editorial_identity,True,run_0009,43
47,48,2,editorial_identity,True,run_0009,46
50,51,2,editorial_identity,True,run_0009,49
53,54,2,editorial_identity,True,run_0009,52
60,61,1,editorial_identity,True,run_0009,60
70,71,1,editorial_identity,True,run_0009,70
75,76,1,editorial_identity,True,run_0009,75
93,94,3,editorial_identity,True,run_0009,91
103,104,6,editorial_identity,True,run_0009,98
108,109,2,editorial_identity,True,run_0009,107
110,111,1,editorial_identity,True,run_0009,110
117,118,2,editorial_identity,True,run_0009,116
119,120,1,editorial_identity,True,run_0009,119
125,126,5,editorial_identity,True,run_0009,121
128,129,2,editorial_identity,True,run_0009,127
131,132,2,editorial_identity,True,run_0009,130
143,144,11,editorial_identity,True,run_0009,133
152,153,8,editorial_identity,True,run_0009,145
159,160,6,editorial_identity,True,run_0009,154
161,162,1,editorial_identity,True,run_0009,161
164,165,2,editorial_identity,True,run_0009,163
166,167,1,editorial_identity,True,run_0009,166
169,170,1,editorial_identity,True,run_0009,169
174,175,1,editorial_identity,True,run_0009,174
185,186,1,editorial_identity,True,run_0009,185
188,189,1,editorial_identity,True,run_0009,188
190,191,1,editorial_identity,True,run_0009,190
196,197,5,editorial_identity,True,run_0009,192
198,199,1,editorial_identity,True,run_0009,198
202,203,3,editorial_identity,True,run_0009,200
208,209,1,editorial_identity,True,run_0009,208
210,211,1,editorial_identity,True,run_0009,210
214,215,2,editorial_identity,True,run_0009,213
216,217,1,editorial_identity,True,run_0009,216
223,224,6,editorial_identity,True,run_0009,218
234,235,10,editorial_identity,True,run_0009,225
238,239,3,editorial_identity,True,run_0009,236
247,248,8,editorial_identity,True,run_0009,240
250,,2,editorial_identity,False,run_0009,249
10,11,1,production_editorial,True,run_0010,10
13,14,1,production_editorial,True,run_0010,13
16,17,1,production_editorial,True,run_0010,16
20,21,1,production_editorial,True,run_0010,20
22,23,1,production_editorial,True,run_0010,22
31,32,1,production_editorial,True,run_0010,31
35,36,2,production_editorial,True,run_0010,34
38,39,1,production_editorial,True,run_0010,38
44,45,2,production_editorial,True,run_0010,43
47,48,2,production_editorial,True,run_0010,46
52,53,1,production_editorial,True,run_0010,52
68,69,1,production_editorial,True,run_0010,68
71,72,1,production_editorial,True,run_0010,71
93,94,1,production_editorial,True,run_0010,93
96,97,1,production_editorial,True,run_0010,96
104,105,3,production_editorial,True,run_0010,102
107,108,2,production_editorial,True,run_0010,106
119,120,11,production_editorial,True,run_0010,109
122,123,2,production_editorial,True,run_0010,121
136,137,13,production_editorial,True,run_0010,124
139,140,2,production_editorial,True,run_0010,138
142,143,2,production_editorial,True,run_0010,141
157,158,14,production_editorial,True,run_0010,144
160,161,2,production_editorial,True,run_0010,159
164,165,1,production_editorial,True,run_0010,164
168,169,1,production_editorial,True,run_0010,168
170,171,1,production_editorial,True,run_0010,170
181,182,1,production_editorial,True,run_0010,181
184,185,2,production_editorial,True,run_0010,183
192,193,2,production_editorial,True,run_0010,191
198,199,5,production_editorial,True,run_0010,194
201,202,2,production_editorial,True,run_0010,200
204,205,1,production_editorial,True,run_0010,204
207,208,2,production_editorial,True,run_0010,206
210,211,2,production_editorial,True,run_0010,209
215,216,2,production_editorial,True,run_0010,214
217,218,1,production_editorial,True,run_0010,217
226,227,5,production_editorial,True,run_0010,222
232,233,2,production_editorial,True,run_0010,231
242,243,9,production_editorial,True,run_0010,234
248,249,5,production_editorial,True,run_0010,244
21,22,2,production_identity,True,run_0010,20
27,28,2,production_identity,True,run_0010,26
36,37,3,production_identity,True,run_0010,34
38,39,1,production_identity,True,run_0010,38
47,48,2,production_identity,True,run_0010,46
50,51,1,production_identity,True,run_0010,50
52,53,1,production_identity,True,run_0010,52
57,58,1,production_identity,True,run_0010,57
63,64,1,production_identity,True,run_0010,63
69,70,1,production_identity,True,run_0010,69
80,81,1,production_identity,True,run_0010,80
91,92,2,production_identity,True,run_0010,90
100,101,1,production_identity,True,run_0010,100
105,106,1,production_identity,True,run_0010,105
112,113,1,production_identity,True,run_0010,112
115,116,1,production_identity,True,run_0010,115
118,119,1,production_identity,True,run_0010,118
121,122,1,production_identity,True,run_0010,121
125,126,2,production_identity,True,run_0010,124
128,129,2,production_identity,True,run_0010,127
134,135,3,production_identity,True,run_0010,132
137,138,2,production_identity,True,run_0010,136
145,146,1,production_identity,True,run_0010,145
149,150,1,production_identity,True,run_0010,149
156,157,6,production_identity,True,run_0010,151
161,162,4,production_identity,True,run_0010,158
168,169,2,production_identity,True,run_0010,167
170,171,1,production_identity,True,run_0010,170
179,180,1,production_identity,True,run_0010,179
181,182,1,production_identity,True,run_0010,181
184,185,2,production_identity,True,run_0010,183
188,189,2,production_identity,True,run_0010,187
191,192,2,production_identity,True,run_0010,190
193,194,1,production_identity,True,run_0010,193
199,200,1,production_identity,True,run_0010,199
202,203,1,production_identity,True,run_0010,202
211,212,7,production_identity,True,run_0010,205
215,216,3,production_identity,True,run_0010,213
219,220,1,production_identity,True,run_0010,219
222,223,2,production_identity,True,run_0010,221
230,231,7,production_identity,True,run_0010,224
232,233,1,production_identity,True,run_0010,232
236,237,3,production_identity,True,run_0010,234
249,250,12,production_identity,True,run_0010,238
10,11,1,editorial_identity,True,run_0010,10
13,14,1,editorial_identity,True,run_0010,13
16,17,1,editorial_identity,True,run_0010,16
22,23,3,editorial_identity,True,run_0010,20
27,28,2,editorial_identity,True,run_0010,26
31,32,1,editorial_identity,True,run_0010,31
36,37,2,editorial_identity,True,run_0010,35
44,45,2,editorial_identity,True,run_0010,43
46,47,1,editorial_identity,True,run_0010,46
50,51,1,editorial_identity,True,run_0010,50
52,53,1,editorial_identity,True,run_0010,52
57,58,1,editorial_identity,True,run_0010,57
63,64,1,editorial_identity,True,run_0010,63
69,70,2,editorial_identity,True,run_0010,68
71,72,1,editorial_identity,True,run_0010,71
80,81,1,editorial_identity,True,run_0010,80
91,92,2,editorial_identity,True,run_0010,90
93,94,1,editorial_identity,True,run_0010,93
96,97,1,editorial_identity,True,run_0010,96
100,101,1,editorial_identity,True,run_0010,100
107,108,6,editorial_identity,True,run_0010,102
119,120,11,editorial_identity,True,run_0010,109
122,123,2,editorial_identity,True,run_0010,121
127,128,4,editorial_identity,True,run_0010,124
139,140,11,editorial_identity,True,run_0010,129
142,143,2,editorial_identity,True,run_0010,141
159,160,16,editorial_identity,True,run_0010,144
161,162,1,editorial_identity,True,run_0010,161
164,165,1,editorial_identity,True,run_0010,164
167,168,1,editorial_identity,True,run_0010,167
179,180,1,editorial_identity,True,run_0010,179
181,182,1,editorial_identity,True,run_0010,181
184,185,1,editorial_identity,True,run_0010,184
188,189,2,editorial_identity,True,run_0010,187
202,203,13,editorial_identity,True,run_0010,190
211,212,8,editorial_identity,True,run_0010,204
213,214,1,editorial_identity,True,run_0010,213
215,216,1,editorial_identity,True,run_0010,215
217,218,1,editorial_identity,True,run_0010,217
219,220,1,editorial_identity,True,run_0010,219
223,224,3,editorial_identity,True,run_0010,221
232,233,8,editorial_identity,True,run_0010,225
234,235,1,editorial_identity,True,run_0010,234
247,248,12,editorial_identity,True,run_0010,236
249,250,1,editorial_identity,True,run_0010,249
8,9,1,production_editorial,True,run_0011,8
16,17,1,production_editorial,True,run_0011,16
20,21,1,production_editorial,True,run_0011,20
22,23,1,production_editorial,True,run_0011,22
25,26,1,production_editorial,True,run_0011,25
32,33,2,production_editorial,True,run_0011,31
35,36,1,production_editorial,True,run_0011,35
37,38,1,production_editorial,True,run_0011,37
41,42,1,production_editorial,True,run_0011,41
44,45,2,production_editorial,True,run_0011,43
50,51,2,production_editorial,True,run_0011,49
52,53,1,production_editorial,True,run_0011,52
55,56,1,production_editorial,True,run_0011,55
60,61,1,production_editorial,True,run_0011,60
63,64,2,production_editorial,True,run_0011,62
65,66,1,production_editorial,True,run_0011,65
68,69,2,production_editorial,True,run_0011,67
70,71,1,production_editorial,True,run_0011,70
79,80,1,production_editorial,True,run_0011,79
81,82,1,production_editorial,True,run_0011,81
88,89,1,production_editorial,True,run_0011,88
92,93,2,production_editorial,True,run_0011,91
95,96,1,production_editorial,True,run_0011,95
98,99,1,production_editorial,True,run_0011,98
102,103,2,production_editorial,True,run_0011,101
106,107,1,production_editorial,True,run_0011,106
110,111,2,production_editorial,True,run_0011,109
112,113,1,production_editorial,True,run_0011,112
116,117,3,production_editorial,True,run_0011,114
121,122,3,production_editorial,True,run_0011,119
128,129,5,production_editorial,True,run_0011,124
130,131,1,production_editorial,True,run_0011,130
134,135,2,production_editorial,True,run_0011,133
137,138,2,production_editorial,True,run_0011,136
140,141,2,production_editorial,True,run_0011,139
143,144,2,production_editorial,True,run_0011,142
146,147,2,production_editorial,True,run_0011,145
151,152,4,production_editorial,True,run_0011,148
160,161,8,production_editorial,True,run_0011,153
170,171,1,production_editorial,True,run_0011,170
180,181,1,production_editorial,True,run_0011,180
185,186,2,production_editorial,True,run_0011,184
188,189,2,production_editorial,True,run_0011,187
191,192,2,production_editorial,True,run_0011,190
195,196,1,production_editorial,True,run_0011,195
203,204,7,production_editorial,True,run_0011,197
207,208,2,production_editorial,True,run_0011,206
211,212,2,production_editorial,True,run_0011,210
217,218,5,production_editorial,True,run_0011,213
220,221,1,production_editorial,True,run_0011,220
227,228,6,production_editorial,True,run_0011,222
230,231,2,production_editorial,True,run_0011,229
233,234,2,production_editorial,True,run_0011,232
235,236,1,production_editorial,True,run_0011,235
238,239,1,production_editorial,True,run_0011,238
240,241,1,production_editorial,True,run_0011,240
243,244,2,production_editorial,True,run_0011,242
6,7,1,production_identity,True,run_0011,6
24,25,1,production_identity,True,run_0011,24
39,40,1,production_identity,True,run_0011,39
46,47,2,production_identity,True,run_0011,45
48,49,1,production_identity,True,run_0011,48
52,53,2,production_identity,True,run_0011,51
60,61,1,production_identity,True,run_0011,60
66,67,1,production_identity,True,run_0011,66
88,89,1,production_identity,True,run_0011,88
95,96,1,production_identity,True,run_0011,95
99,100,1,production_identity,True,run_0011,99
102,103,1,production_identity,True,run_0011,102
105,106,1,production_identity,True,run_0011,105
114,115,1,production_identity,True,run_0011,114
117,118,1,production_identity,True,run_0011,117
120,121,1,production_identity,True,run_0011,120
126,127,1,production_identity,True,run_0011,126
129,130,1,production_identity,True,run_0011,129
138,139,1,production_identity,True,run_0011,138
160,161,1,production_identity,True,run_0011,160
185,186,3,production_identity,True,run_0011,183
188,189,1,production_identity,True,run_0011,188
191,192,2,production_identity,True,run_0011,190
194,195,1,production_identity,True,run_0011,194
199,200,3,production_identity,True,run_0011,197
205,206,5,production_identity,True,run_0011,201
211,212,2,production_identity,True,run_0011,210
213,214,1,production_identity,True,run_0011,213
215,216,1,production_identity,True,run_0011,215
219,220,3,production_identity,True,run_0011,217
222,223,2,production_identity,True,run_0011,221
224,225,1,production_identity,True,run_0011,224
228,229,2,production_identity,True,run_0011,227
233,234,4,production_identity,True,run_0011,230
247,248,13,production_identity,True,run_0011,235
249,250,1,production_identity,True,run_0011,249
6,7,1,editorial_identity,True,run_0011,6
8,9,1,editorial_identity,True,run_0011,8
16,17,1,editorial_identity,True,run_0011,16
20,21,1,editorial_identity,True,run_0011,20
22,23,1,editorial_identity,True,run_0011,22
25,26,2,editorial_identity,True,run_0011,24
32,33,2,editorial_identity,True,run_0011,31
35,36,1,editorial_identity,True,run_0011,35
37,38,1,editorial_identity,True,run_0011,37
39,40,1,editorial_identity,True,run_0011,39
41,42,1,editorial_identity,True,run_0011,41
46,47,4,editorial_identity,True,run_0011,43
52,53,5,editorial_identity,True,run_0011,48
55,56,1,editorial_identity,True,run_0011,55
60,61,1,editorial_identity,True,run_0011,60
63,64,2,editorial_identity,True,run_0011,62
68,69,4,editorial_identity,True,run_0011,65
70,71,1,editorial_identity,True,run_0011,70
79,80,1,editorial_identity,True,run_0011,79
81,82,1,editorial_identity,True,run_0011,81
92,93,2,editorial_identity,True,run_0011,91
99,100,2,editorial_identity,True,run_0011,98
102,103,2,editorial_identity,True,run_0011,101
106,107,2,editorial_identity,True,run_0011,105
110,111,2,editorial_identity,True,run_0011,109
112,113,1,editorial_identity,True,run_0011,112
117,118,3,editorial_identity,True,run_0011,115
121,122,3,editorial_identity,True,run_0011,119
130,131,7,editorial_identity,True,run_0011,124
134,135,2,editorial_identity,True,run_0011,133
140,141,5,editorial_identity,True,run_0011,136
143,144,2,editorial_identity,True,run_0011,142
146,147,2,editorial_identity,True,run_0011,145
151,152,4,editorial_identity,True,run_0011,148
160,161,8,editorial_identity,True,run_0011,153
170,171,1,editorial_identity,True,run_0011,170
180,181,1,editorial_identity,True,run_0011,180
184,185,2,editorial_identity,True,run_0011,183
187,188,1,editorial_identity,True,run_0011,187
190,191,1,editorial_identity,True,run_0011,190
195,196,2,editorial_identity,True,run_0011,194
207,208,11,editorial_identity,True,run_0011,197
211,212,2,editorial_identity,True,run_0011,210
214,215,2,editorial_identity,True,run_0011,213
221,222,6,editorial_identity,True,run_0011,216
233,234,11,editorial_identity,True,run_0011,223
247,248,13,editorial_identity,True,run_0011,235
249,250,1,editorial_identity,True,run_0011,249
4,5,1,production_editorial,True,run_0012,4
7,8,1,production_editorial,True,run_0012,7
10,11,1,production_editorial,True,run_0012,10
14,15,1,production_editorial,True,run_0012,14
17,18,1,production_editorial,True,run_0012,17
19,20,1,production_editorial,True,run_0012,19
23,24,2,production_editorial,True,run_0012,22
25,26,1,production_editorial,True,run_0012,25
29,30,2,production_editorial,True,run_0012,28
32,33,2,production_editorial,True,run_0012,31
34,35,1,production_editorial,True,run_0012,34
38,39,2,production_editorial,True,run_0012,37
41,42,1,production_editorial,True,run_0012,41
43,44,1,production_editorial,True,run_0012,43
50,51,2,production_editorial,True,run_0012,49
53,54,2,production_editorial,True,run_0012,52
73,74,2,production_editorial,True,run_0012,72
80,81,6,production_editorial,True,run_0012,75
83,84,2,production_editorial,True,run_0012,82
87,88,2,production_editorial,True,run_0012,86
90,91,1,production_editorial,True,run_0012,90
93,94,1,production_editorial,True,run_0012,93
100,101,1,production_editorial,True,run_0012,100
103,104,2,production_editorial,True,run_0012,102
106,107,2,production_editorial,True,run_0012,105
108,109,1,production_editorial,True,run_0012,108
111,112,1,production_editorial,True,run_0012,111
114,115,2,production_editorial,True,run_0012,113
118,119,2,production_editorial,True,run_0012,117
121,122,1,production_editorial,True,run_0012,121
124,125,2,production_editorial,True,run_0012,123
129,130,1,production_editorial,True,run_0012,129
135,136,1,production_editorial,True,run_0012,135
139,140,2,production_editorial,True,run_0012,138
142,143,2,production_editorial,True,run_0012,141
145,146,2,production_editorial,True,run_0012,144
154,155,5,production_editorial,True,run_0012,150
156,157,1,production_editorial,True,run_0012,156
171,172,5,production_editorial,True,run_0012,167
182,183,8,production_editorial,True,run_0012,175
189,190,5,production_editorial,True,run_0012,185
192,193,1,production_editorial,True,run_0012,192
196,197,1,production_editorial,True,run_0012,196
198,199,1,production_editorial,True,run_0012,198
204,205,1,production_editorial,True,run_0012,204
210,211,4,production_editorial,True,run_0012,207
215,216,4,production_editorial,True,run_0012,212
218,219,2,production_editorial,True,run_0012,217
223,224,4,production_editorial,True,run_0012,220
226,227,1,production_editorial,True,run_0012,226
234,235,6,production_editorial,True,run_0012,229
238,239,3,production_editorial,True,run_0012,236
243,244,4,production_editorial,True,run_0012,240
247,248,3,production_editorial,True,run_0012,245
15,16,2,production_identity,True,run_0012,14
19,20,1,production_identity,True,run_0012,19
22,23,1,production_identity,True,run_0012,22
32,33,2,production_identity,True,run_0012,31
34,35,1,production_identity,True,run_0012,34
38,39,2,production_identity,True,run_0012,37
41,42,1,production_identity,True,run_0012,41
50,51,2,production_identity,True,run_0012,49
52,53,1,production_identity,True,run_0012,52
78,79,1,production_identity,True,run_0012,78
94,95,1,production_identity,True,run_0012,94
98,99,1,production_identity,True,run_0012,98
104,105,1,production_identity,True,run_0012,104
107,108,1,production_identity,True,run_0012,107
119,120,1,production_identity,True,run_0012,119
122,123,1,production_identity,True,run_0012,122
125,126,1,production_identity,True,run_0012,125
128,129,1,production_identity,True,run_0012,128
138,139,2,production_identity,True,run_0012,137
141,142,2,production_identity,True,run_0012,140
144,145,2,production_identity,True,run_0012,143
147,148,2,production_identity,True,run_0012,146
152,153,4,production_identity,True,run_0012,149
158,159,5,production_identity,True,run_0012,154
161,162,2,production_identity,True,run_0012,160
164,165,1,production_identity,True,run_0012,164
171,172,6,production_identity,True,run_0012,166
180,181,2,production_identity,True,run_0012,179
182,183,1,production_identity,True,run_0012,182
188,189,5,production_identity,True,run_0012,184
193,194,2,production_identity,True,run_0012,192
200,201,4,production_identity,True,run_0012,197
204,205,3,production_identity,True,run_0012,202
208,209,3,production_identity,True,run_0012,206
210,211,1,production_identity,True,run_0012,210
220,221,9,production_identity,True,run_0012,212
227,228,6,production_identity,True,run_0012,222
231,232,3,production_identity,True,run_0012,229
238,239,6,production_identity,True,run_0012,233
246,247,7,production_identity,True,run_0012,240
248,249,1,production_identity,True,run_0012,248
250,,1,production_identity,False,run_0012,250
4,5,1,editorial_identity,True,run_0012,4
7,8,1,editorial_identity,True,run_0012,7
10,11,1,editorial_identity,True,run_0012,10
15,16,1,editorial_identity,True,run_0012,15
17,18,1,editorial_identity,True,run_0012,17
19,20,1,editorial_identity,True,run_0012,19
23,24,2,editorial_identity,True,run_0012,22
25,26,1,editorial_identity,True,run_0012,25
29,30,2,editorial_identity,True,run_0012,28
31,32,1,editorial_identity,True,run_0012,31
37,38,1,editorial_identity,True,run_0012,37
43,44,1,editorial_identity,True,run_0012,43
50,51,2,editorial_identity,True,run_0012,49
53,54,2,editorial_identity,True,run_0012,52
73,74,2,editorial_identity,True,run_0012,72
80,81,6,editorial_identity,True,run_0012,75
83,84,2,editorial_identity,True,run_0012,82
87,88,2,editorial_identity,True,run_0012,86
90,91,1,editorial_identity,True,run_0012,90
94,95,2,editorial_identity,True,run_0012,93
98,99,1,editorial_identity,True,run_0012,98
100,101,1,editorial_identity,True,run_0012,100
108,109,7,editorial_identity,True,run_0012,102
111,112,1,editorial_identity,True,run_0012,111
114,115,2,editorial_identity,True,run_0012,113
119,120,3,editorial_identity,True,run_0012,117
125,126,5,editorial_identity,True,run_0012,121
129,130,2,editorial_identity,True,run_0012,128
135,136,1,editorial_identity,True,run_0012,135
147,148,11,editorial_identity,True,run_0012,137
150,151,2,editorial_identity,True,run_0012,149
158,159,7,editorial_identity,True,run_0012,152
161,162,2,editorial_identity,True,run_0012,160
164,165,1,editorial_identity,True,run_0012,164
166,167,1,editorial_identity,True,run_0012,166
170,171,1,editorial_identity,True,run_0012,170
181,182,7,editorial_identity,True,run_0012,175
184,185,1,editorial_identity,True,run_0012,184
186,187,1,editorial_identity,True,run_0012,186
189,190,1,editorial_identity,True,run_0012,189
193,194,2,editorial_identity,True,run_0012,192
197,198,2,editorial_identity,True,run_0012,196
200,201,2,editorial_identity,True,run_0012,199
204,205,3,editorial_identity,True,run_0012,202
206,207,1,editorial_identity,True,run_0012,206
209,210,1,editorial_identity,True,run_0012,209
213,214,1,editorial_identity,True,run_0012,213
222,223,8,editorial_identity,True,run_0012,215
227,228,4,editorial_identity,True,run_0012,224
229,230,1,editorial_identity,True,run_0012,229
238,239,8,editorial_identity,True,run_0012,231
248,249,9,editorial_identity,True,run_0012,240
250,,1,editorial_identity,False,run_0012,250
13,14,1,production_editorial,True,run_0013,13
20,21,1,production_editorial,True,run_0013,20
23,24,1,production_editorial,True,run_0013,23
26,27,1,production_editorial,True,run_0013,26
29,30,1,production_editorial,True,run_0013,29
31,32,1,production_editorial,True,run_0013,31
35,36,1,production_editorial,True,run_0013,35
38,39,2,production_editorial,True,run_0013,37
41,42,2,production_editorial,True,run_0013,40
43,44,1,production_editorial,True,run_0013,43
46,47,1,production_editorial,True,run_0013,46
50,51,1,production_editorial,True,run_0013,50
53,54,1,production_editorial,True,run_0013,53
56,57,2,production_editorial,True,run_0013,55
58,59,1,production_editorial,True,run_0013,58
78,79,2,production_editorial,True,run_0013,77
101,102,1,production_editorial,True,run_0013,101
114,115,1,production_editorial,True,run_0013,114
126,127,2,production_editorial,True,run_0013,125
129,130,2,production_editorial,True,run_0013,128
132,133,2,production_editorial,True,run_0013,131
134,135,1,production_editorial,True,run_0013,134
137,138,1,production_editorial,True,run_0013,137
140,141,1,production_editorial,True,run_0013,140
143,144,1,production_editorial,True,run_0013,143
147,148,1,production_editorial,True,run_0013,147
149,150,1,production_editorial,True,run_0013,149
153,154,2,production_editorial,True,run_0013,152
156,157,2,production_editorial,True,run_0013,155
159,160,1,production_editorial,True,run_0013,159
172,173,1,production_editorial,True,run_0013,172
183,184,1,production_editorial,True,run_0013,183
185,186,1,production_editorial,True,run_0013,185
190,191,1,production_editorial,True,run_0013,190
194,195,1,production_editorial,True,run_0013,194
197,198,2,production_editorial,True,run_0013,196
202,203,4,production_editorial,True,run_0013,199
206,207,3,production_editorial,True,run_0013,204
210,211,2,production_editorial,True,run_0013,209
218,219,3,production_editorial,True,run_0013,216
221,222,2,production_editorial,True,run_0013,220
226,227,4,production_editorial,True,run_0013,223
228,229,1,production_editorial,True,run_0013,228
234,235,5,production_editorial,True,run_0013,230
236,237,1,production_editorial,True,run_0013,236
243,244,4,production_editorial,True,run_0013,240
247,248,3,production_editorial,True,run_0013,245
10,11,1,production_identity,True,run_0013,10
16,17,1,production_identity,True,run_0013,16
23,24,1,production_identity,True,run_0013,23
26,27,1,production_identity,True,run_0013,26
31,32,4,production_identity,True,run_0013,28
36,37,1,production_identity,True,run_0013,36
44,45,5,production_identity,True,run_0013,40
46,47,1,production_identity,True,run_0013,46
48,49,1,production_identity,True,run_0013,48
50,51,1,production_identity,True,run_0013,50
53,54,1,production_identity,True,run_0013,53
55,56,1,production_identity,True,run_0013,55
57,58,1,production_identity,True,run_0013,57
63,64,1,production_identity,True,run_0013,63
91,92,1,production_identity,True,run_0013,91
94,95,2,production_identity,True,run_0013,93
99,100,1,production_identity,True,run_0013,99
104,105,2,production_identity,True,run_0013,103
133,134,1,production_identity,True,run_0013,133
136,137,1,production_identity,True,run_0013,136
139,140,1,production_identity,True,run_0013,139
142,143,1,production_identity,True,run_0013,142
151,152,1,production_identity,True,run_0013,151
154,155,1,production_identity,True,run_0013,154
157,158,1,production_identity,True,run_0013,157
181,182,1,production_identity,True,run_0013,181
183,184,1,production_identity,True,run_0013,183
186,187,2,production_identity,True,run_0013,185
194,195,1,production_identity,True,run_0013,194
197,198,2,production_identity,True,run_0013,196
202,203,4,production_identity,True,run_0013,199
204,205,1,production_identity,True,run_0013,204
206,207,1,production_identity,True,run_0013,206
210,211,2,production_identity,True,run_0013,209
212,213,1,production_identity,True,run_0013,212
216,217,1,production_identity,True,run_0013,216
225,226,6,production_identity,True,run_0013,220
228,229,1,production_identity,True,run_0013,228
234,235,5,production_identity,True,run_0013,230
237,238,1,production_identity,True,run_0013,237
247,248,9,production_identity,True,run_0013,239
249,250,1,production_identity,True,run_0013,249
10,11,1,editorial_identity,True,run_0013,10
13,14,1,editorial_identity,True,run_0013,13
16,17,1,editorial_identity,True,run_0013,16
20,21,1,editorial_identity,True,run_0013,20
31,32,4,editorial_identity,True,run_0013,28
38,39,4,editorial_identity,True,run_0013,35
44,45,5,editorial_identity,True,run_0013,40
46,47,1,editorial_identity,True,run_0013,46
48,49,1,editorial_identity,True,run_0013,48
50,51,1,editorial_identity,True,run_0013,50
53,54,1,editorial_identity,True,run_0013,53
58,59,4,editorial_identity,True,run_0013,55
63,64,1,editorial_identity,True,run_0013,63
78,79,2,editorial_identity,True,run_0013,77
91,92,1,editorial_identity,True,run_0013,91
94,95,2,editorial_identity,True,run_0013,93
99,100,1,editorial_identity,True,run_0013,99
101,102,1,editorial_identity,True,run_0013,101
104,105,2,editorial_identity,True,run_0013,103
114,115,1,editorial_identity,True,run_0013,114
126,127,2,editorial_identity,True,run_0013,125
129,130,2,editorial_identity,True,run_0013,128
134,135,4,editorial_identity,True,run_0013,131
137,138,2,editorial_identity,True,run_0013,136
140,141,2,editorial_identity,True,run_0013,139
143,144,2,editorial_identity,True,run_0013,142
147,148,1,editorial_identity,True,run_0013,147
149,150,1,editorial_identity,True,run_0013,149
157,158,7,editorial_identity,True,run_0013,151
159,160,1,editorial_identity,True,run_0013,159
172,173,1,editorial_identity,True,run_0013,172
181,182,1,editorial_identity,True,run_0013,181
183,184,1,editorial_identity,True,run_0013,183
186,187,1,editorial_identity,True,run_0013,186
190,191,1,editorial_identity,True,run_0013,190
201,202,1,editorial_identity,True,run_0013,201
206,207,2,editorial_identity,True,run_0013,205
210,211,2,editorial_identity,True,run_0013,209
212,213,1,editorial_identity,True,run_0013,212
218,219,3,editorial_identity,True,run_0013,216
224,225,5,editorial_identity,True,run_0013,220
226,227,1,editorial_identity,True,run_0013,226
228,229,1,editorial_identity,True,run_0013,228
232,233,3,editorial_identity,True,run_0013,230
234,235,1,editorial_identity,True,run_0013,234
237,238,2,editorial_identity,True,run_0013,236
247,248,9,editorial_identity,True,run_0013,239
249,250,1,editorial_identity,True,run_0013,249
7,8,1,production_editorial,True,run_0014,7
14,15,2,production_editorial,True,run_0014,13
20,21,1,production_editorial,True,run_0014,20
23,24,1,production_editorial,True,run_0014,23
26,27,2,production_editorial,True,run_0014,25
29,30,2,production_editorial,True,run_0014,28
32,33,1,production_editorial,True,run_0014,32
35,36,1,production_editorial,True,run_0014,35
37,38,1,production_editorial,True,run_0014,37
41,42,2,production_editorial,True,run_0014,40
46,47,1,production_editorial,True,run_0014,46
50,51,2,production_editorial,True,run_0014,49
53,54,2,production_editorial,True,run_0014,52
56,57,2,production_editorial,True,run_0014,55
60,61,1,production_editorial,True,run_0014,60
63,64,2,production_editorial,True,run_0014,62
65,66,1,production_editorial,True,run_0014,65
68,69,2,production_editorial,True,run_0014,67
73,74,1,production_editorial,True,run_0014,73
77,78,1,production_editorial,True,run_0014,77
82,83,1,production_editorial,True,run_0014,82
89,90,1,production_editorial,True,run_0014,89
92,93,1,production_editorial,True,run_0014,92
94,95,1,production_editorial,True,run_0014,94
102,103,1,production_editorial,True,run_0014,102
104,105,1,production_editorial,True,run_0014,104
109,110,1,production_editorial,True,run_0014,109
111,112,1,production_editorial,True,run_0014,111
114,115,1,production_editorial,True,run_0014,114
117,118,2,production_editorial,True,run_0014,116
120,121,1,production_editorial,True,run_0014,120
128,129,2,production_editorial,True,run_0014,127
132,133,2,production_editorial,True,run_0014,131
135,136,2,production_editorial,True,run_0014,134
137,138,1,production_editorial,True,run_0014,137
140,141,1,production_editorial,True,run_0014,140
143,144,1,production_editorial,True,run_0014,143
150,151,1,production_editorial,True,run_0014,150
152,153,1,production_editorial,True,run_0014,152
156,157,1,production_editorial,True,run_0014,156
162,163,5,production_editorial,True,run_0014,158
165,166,2,production_editorial,True,run_0014,164
167,168,1,production_editorial,True,run_0014,167
170,171,1,production_editorial,True,run_0014,170
176,177,2,production_editorial,True,run_0014,175
178,179,1,production_editorial,True,run_0014,178
185,186,3,production_editorial,True,run_0014,183
187,188,1,production_editorial,True,run_0014,187
191,192,1,production_editorial,True,run_0014,191
194,195,1,production_editorial,True,run_0014,194
197,198,1,production_editorial,True,run_0014,197
201,202,2,production_editorial,True,run_0014,200
209,210,6,production_editorial,True,run_0014,204
212,213,1,production_editorial,True,run_0014,212
217,218,3,production_editorial,True,run_0014,215
219,220,1,production_editorial,True,run_0014,219
223,224,3,production_editorial,True,run_0014,221
230,231,6,production_editorial,True,run_0014,225
235,236,4,production_editorial,True,run_0014,232
240,241,4,production_editorial,True,run_0014,237
248,249,6,production_editorial,True,run_0014,243
36,37,1,production_identity,True,run_0014,36
41,42,2,production_identity,True,run_0014,40
46,47,3,production_identity,True,run_0014,44
54,55,1,production_identity,True,run_0014,54
60,61,1,production_identity,True,run_0014,60
63,64,2,production_identity,True,run_0014,62
65,66,1,production_identity,True,run_0014,65
68,69,2,production_identity,True,run_0014,67
73,74,1,production_identity,True,run_0014,73
75,76,1,production_identity,True,run_0014,75
78,79,2,production_identity,True,run_0014,77
82,83,1,production_identity,True,run_0014,82
90,91,1,production_identity,True,run_0014,90
92,93,1,production_identity,True,run_0014,92
94,95,1,production_identity,True,run_0014,94
106,107,1,production_identity,True,run_0014,106
113,114,3,production_identity,True,run_0014,111
118,119,4,production_identity,True,run_0014,115
121,122,2,production_identity,True,run_0014,120
128,129,6,production_identity,True,run_0014,123
131,132,2,production_identity,True,run_0014,130
134,135,2,production_identity,True,run_0014,133
137,138,2,production_identity,True,run_0014,136
142,143,4,production_identity,True,run_0014,139
146,147,3,production_identity,True,run_0014,144
148,149,1,production_identity,True,run_0014,148
150,151,1,production_identity,True,run_0014,150
153,154,2,production_identity,True,run_0014,152
161,162,6,production_identity,True,run_0014,156
165,166,2,production_identity,True,run_0014,164
168,169,2,production_identity,True,run_0014,167
171,172,1,production_identity,True,run_0014,171
175,176,2,production_identity,True,run_0014,174
179,180,3,production_identity,True,run_0014,177
181,182,1,production_identity,True,run_0014,181
183,184,1,production_identity,True,run_0014,183
187,188,3,production_identity,True,run_0014,185
191,192,2,production_identity,True,run_0014,190
197,198,4,production_identity,True,run_0014,194
201,202,1,production_identity,True,run_0014,201
206,207,4,production_identity,True,run_0014,203
209,210,2,production_identity,True,run_0014,208
215,216,4,production_identity,True,run_0014,212
223,224,7,production_identity,True,run_0014,217
225,226,1,production_identity,True,run_0014,225
233,234,7,production_identity,True,run_0014,227
235,236,1,production_identity,True,run_0014,235
249,250,13,production_identity,True,run_0014,237
7,8,1,editorial_identity,True,run_0014,7
14,15,2,editorial_identity,True,run_0014,13
20,21,1,editorial_identity,True,run_0014,20
23,24,1,editorial_identity,True,run_0014,23
26,27,2,editorial_identity,True,run_0014,25
29,30,2,editorial_identity,True,run_0014,28
32,33,1,editorial_identity,True,run_0014,32
37,38,3,editorial_identity,True,run_0014,35
41,42,2,editorial_identity,True,run_0014,40
46,47,3,editorial_identity,True,run_0014,44
50,51,2,editorial_identity,True,run_0014,49
56,57,5,editorial_identity,True,run_0014,52
68,69,1,editorial_identity,True,run_0014,68
75,76,1,editorial_identity,True,run_0014,75
78,79,2,editorial_identity,True,run_0014,77
90,91,2,editorial_identity,True,run_0014,89
102,103,1,editorial_identity,True,run_0014,102
104,105,1,editorial_identity,True,run_0014,104
106,107,1,editorial_identity,True,run_0014,106
109,110,1,editorial_identity,True,run_0014,109
118,119,7,editorial_identity,True,run_0014,112
121,122,2,editorial_identity,True,run_0014,120
126,127,4,editorial_identity,True,run_0014,123
133,134,4,editorial_identity,True,run_0014,130
136,137,2,editorial_identity,True,run_0014,135
146,147,8,editorial_identity,True,run_0014,139
148,149,1,editorial_identity,True,run_0014,148
150,151,1,editorial_identity,True,run_0014,150
153,154,1,editorial_identity,True,run_0014,153
157,158,1,editorial_identity,True,run_0014,157
162,163,1,editorial_identity,True,run_0014,162
165,166,2,editorial_identity,True,run_0014,164
168,169,1,editorial_identity,True,run_0014,168
171,172,2,editorial_identity,True,run_0014,170
174,175,1,editorial_identity,True,run_0014,174
179,180,4,editorial_identity,True,run_0014,176
181,182,1,editorial_identity,True,run_0014,181
184,185,2,editorial_identity,True,run_0014,183
187,188,2,editorial_identity,True,run_0014,186
190,191,1,editorial_identity,True,run_0014,190
197,198,3,editorial_identity,True,run_0014,195
201,202,2,editorial_identity,True,run_0014,200
203,204,1,editorial_identity,True,run_0014,203
209,210,5,editorial_identity,True,run_0014,205
221,222,9,editorial_identity,True,run_0014,213
223,224,1,editorial_identity,True,run_0014,223
232,233,8,editorial_identity,True,run_0014,225
235,236,2,editorial_identity,True,run_0014,234
246,247,9,editorial_identity,True,run_0014,238
249,250,2,editorial_identity,True,run_0014,248
17,18,1,production_editorial,True,run_0015,17
22,23,1,production_editorial,True,run_0015,22
26,27,1,production_editorial,True,run_0015,26
29,30,2,production_editorial,True,run_0015,28
32,33,1,production_editorial,True,run_0015,32
34,35,1,production_editorial,True,run_0015,34
37,38,1,production_editorial,True,run_0015,37
41,42,2,production_editorial,True,run_0015,40
44,45,2,production_editorial,True,run_0015,43
49,50,1,production_editorial,True,run_0015,49
53,54,2,production_editorial,True,run_0015,52
56,57,1,production_editorial,True,run_0015,56
62,63,1,production_editorial,True,run_0015,62
65,66,1,production_editorial,True,run_0015,65
67,68,1,production_editorial,True,run_0015,67
69,70,1,production_editorial,True,run_0015,69
72,73,1,production_editorial,True,run_0015,72
76,77,1,production_editorial,True,run_0015,76
79,80,1,production_editorial,True,run_0015,79
97,98,1,production_editorial,True,run_0015,97
109,110,1,production_editorial,True,run_0015,109
112,113,2,production_editorial,True,run_0015,111
114,115,1,production_editorial,True,run_0015,114
120,121,1,production_editorial,True,run_0015,120
124,125,2,production_editorial,True,run_0015,123
126,127,1,production_editorial,True,run_0015,126
130,131,1,production_editorial,True,run_0015,130
136,137,1,production_editorial,True,run_0015,136
138,139,1,production_editorial,True,run_0015,138
142,143,2,production_editorial,True,run_0015,141
145,146,1,production_editorial,True,run_0015,145
148,149,2,production_editorial,True,run_0015,147
150,151,1,production_editorial,True,run_0015,150
154,155,2,production_editorial,True,run_0015,153
190,191,1,production_editorial,True,run_0015,190
194,195,1,production_editorial,True,run_0015,194
201,202,1,production_editorial,True,run_0015,201
205,206,1,production_editorial,True,run_0015,205
207,208,1,production_editorial,True,run_0015,207
213,214,1,production_editorial,True,run_0015,213
218,219,1,production_editorial,True,run_0015,218
222,223,1,production_editorial,True,run_0015,222
224,225,1,production_editorial,True,run_0015,224
227,228,1,production_editorial,True,run_0015,227
231,232,3,production_editorial,True,run_0015,229
233,234,1,production_editorial,True,run_0015,233
236,237,2,production_editorial,True,run_0015,235
238,239,1,production_editorial,True,run_0015,238
240,241,1,production_editorial,True,run_0015,240
7,8,1,production_identity,True,run_0015,7
21,22,2,production_identity,True,run_0015,20
27,28,1,production_identity,True,run_0015,27
42,43,1,production_identity,True,run_0015,42
48,49,2,production_identity,True,run_0015,47
52,53,1,production_identity,True,run_0015,52
74,75,1,production_identity,True,run_0015,74
80,81,1,production_identity,True,run_0015,80
92,93,1,production_identity,True,run_0015,92
107,108,1,production_identity,True,run_0015,107
128,129,1,production_identity,True,run_0015,128
130,131,1,production_identity,True,run_0015,130
134,135,1,production_identity,True,run_0015,134
138,139,2,production_identity,True,run_0015,137
143,144,1,production_identity,True,run_0015,143
145,146,1,production_identity,True,run_0015,145
149,150,1,production_identity,True,run_0015,149
153,154,2,production_identity,True,run_0015,152
155,156,1,production_identity,True,run_0015,155
158,159,1,production_identity,True,run_0015,158
169,170,1,production_identity,True,run_0015,169
178,179,1,production_identity,True,run_0015,178
183,184,3,production_identity,True,run_0015,181
186,187,2,production_identity,True,run_0015,185
190,191,2,production_identity,True,run_0015,189
192,193,1,production_identity,True,run_0015,192
196,197,2,production_identity,True,run_0015,195
198,199,1,production_identity,True,run_0015,198
201,202,2,production_identity,True,run_0015,200
203,204,1,production_identity,True,run_0015,203
206,207,2,production_identity,True,run_0015,205
208,209,1,production_identity,True,run_0015,208
211,212,2,production_identity,True,run_0015,210
221,222,6,production_identity,True,run_0015,216
223,224,1,production_identity,True,run_0015,223
225,226,1,production_identity,True,run_0015,225
231,232,5,production_identity,True,run_0015,227
236,237,4,production_identity,True,run_0015,233
247,248,10,production_identity,True,run_0015,238
249,250,1,production_identity,True,run_0015,249
7,8,1,editorial_identity,True,run_0015,7
17,18,1,editorial_identity,True,run_0015,17
22,23,3,editorial_identity,True,run_0015,20
29,30,4,editorial_identity,True,run_0015,26
32,33,1,editorial_identity,True,run_0015,32
34,35,1,editorial_identity,True,run_0015,34
37,38,1,editorial_identity,True,run_0015,37
44,45,5,editorial_identity,True,run_0015,40
49,50,3,editorial_identity,True,run_0015,47
53,54,2,editorial_identity,True,run_0015,52
56,57,1,editorial_identity,True,run_0015,56
62,63,1,editorial_identity,True,run_0015,62
65,66,1,editorial_identity,True,run_0015,65
67,68,1,editorial_identity,True,run_0015,67
69,70,1,editorial_identity,True,run_0015,69
72,73,1,editorial_identity,True,run_0015,72
74,75,1,editorial_identity,True,run_0015,74
76,77,1,editorial_identity,True,run_0015,76
80,81,2,editorial_identity,True,run_0015,79
92,93,1,editorial_identity,True,run_0015,92
97,98,1,editorial_identity,True,run_0015,97
107,108,1,editorial_identity,True,run_0015,107
109,110,1,editorial_identity,True,run_0015,109
112,113,2,editorial_identity,True,run_0015,111
114,115,1,editorial_identity,True,run_0015,114
120,121,1,editorial_identity,True,run_0015,120
124,125,2,editorial_identity,True,run_0015,123
126,127,1,editorial_identity,True,run_0015,126
128,129,1,editorial_identity,True,run_0015,128
134,135,1,editorial_identity,True,run_0015,134
137,138,2,editorial_identity,True,run_0015,136
143,144,3,editorial_identity,True,run_0015,141
145,146,1,editorial_identity,True,run_0015,145
150,151,4,editorial_identity,True,run_0015,147
152,153,1,editorial_identity,True,run_0015,152
155,156,2,editorial_identity,True,run_0015,154
158,159,1,editorial_identity,True,run_0015,158
169,170,1,editorial_identity,True,run_0015,169
178,179,1,editorial_identity,True,run_0015,178
183,184,3,editorial_identity,True,run_0015,181
186,187,2,editorial_identity,True,run_0015,185
190,191,2,editorial_identity,True,run_0015,189
192,193,1,editorial_identity,True,run_0015,192
196,197,3,editorial_identity,True,run_0015,194
198,199,1,editorial_identity,True,run_0015,198
201,202,2,editorial_identity,True,run_0015,200
203,204,1,editorial_identity,True,run_0015,203
208,209,4,editorial_identity,True,run_0015,205
211,212,2,editorial_identity,True,run_0015,210
213,214,1,editorial_identity,True,run_0015,213
217,218,2,editorial_identity,True,run_0015,216
225,226,7,editorial_identity,True,run_0015,219
231,232,5,editorial_identity,True,run_0015,227
236,237,4,editorial_identity,True,run_0015,233
247,248,10,editorial_identity,True,run_0015,238
249,250,1,editorial_identity,True,run_0015,249
2,3,2,production_editorial,True,run_0016,1
5,6,1,production_editorial,True,run_0016,5
13,14,1,production_editorial,True,run_0016,13
16,17,1,production_editorial,True,run_0016,16
20,21,1,production_editorial,True,run_0016,20
22,23,1,production_editorial,True,run_0016,22
28,29,1,production_editorial,True,run_0016,28
31,32,1,production_editorial,True,run_0016,31
35,36,1,production_editorial,True,run_0016,35
38,39,2,production_editorial,True,run_0016,37
41,42,2,production_editorial,True,run_0016,40
44,45,1,production_editorial,True,run_0016,44
53,54,1,production_editorial,True,run_0016,53
55,56,1,production_editorial,True,run_0016,55
61,62,2,production_editorial,True,run_0016,60
64,65,2,production_editorial,True,run_0016,63
67,68,2,production_editorial,True,run_0016,66
75,76,4,production_editorial,True,run_0016,72
78,79,1,production_editorial,True,run_0016,78
81,82,2,production_editorial,True,run_0016,80
86,87,2,production_editorial,True,run_0016,85
88,89,1,production_editorial,True,run_0016,88
92,93,2,production_editorial,True,run_0016,91
94,95,1,production_editorial,True,run_0016,94
96,97,1,production_editorial,True,run_0016,96
98,99,1,production_editorial,True,run_0016,98
101,102,1,production_editorial,True,run_0016,101
104,105,2,production_editorial,True,run_0016,103
106,107,1,production_editorial,True,run_0016,106
112,113,3,production_editorial,True,run_0016,110
120,121,7,production_editorial,True,run_0016,114
128,129,7,production_editorial,True,run_0016,122
131,132,2,production_editorial,True,run_0016,130
143,144,11,production_editorial,True,run_0016,133
148,149,3,production_editorial,True,run_0016,146
153,154,3,production_editorial,True,run_0016,151
158,159,4,production_editorial,True,run_0016,155
170,171,1,production_editorial,True,run_0016,170
174,175,1,production_editorial,True,run_0016,174
177,178,1,production_editorial,True,run_0016,177
185,186,1,production_editorial,True,run_0016,185
191,192,3,production_editorial,True,run_0016,189
197,198,4,production_editorial,True,run_0016,194
206,207,3,production_editorial,True,run_0016,204
210,211,1,production_editorial,True,run_0016,210
212,213,1,production_editorial,True,run_0016,212
217,218,2,production_editorial,True,run_0016,216
223,224,2,production_editorial,True,run_0016,222
228,229,4,production_editorial,True,run_0016,225
249,250,20,production_editorial,True,run_0016,230
21,22,1,production_identity,True,run_0016,21
39,40,1,production_identity,True,run_0016,39
47,48,1,production_identity,True,run_0016,47
52,53,4,production_identity,True,run_0016,49
73,74,1,production_identity,True,run_0016,73
96,97,1,production_identity,True,run_0016,96
99,100,1,production_identity,True,run_0016,99
101,102,1,production_identity,True,run_0016,101
107,108,2,production_identity,True,run_0016,106
111,112,1,production_identity,True,run_0016,111
115,116,2,production_identity,True,run_0016,114
117,118,1,production_identity,True,run_0016,117
120,121,2,production_identity,True,run_0016,119
128,129,4,production_identity,True,run_0016,125
131,132,1,production_identity,True,run_0016,131
137,138,5,production_identity,True,run_0016,133
146,147,8,production_identity,True,run_0016,139
158,159,11,production_identity,True,run_0016,148
160,161,1,production_identity,True,run_0016,160
166,167,1,production_identity,True,run_0016,166
170,171,1,production_identity,True,run_0016,170
174,175,2,production_identity,True,run_0016,173
177,178,2,production_identity,True,run_0016,176
180,181,2,production_identity,True,run_0016,179
186,187,5,production_identity,True,run_0016,182
189,190,1,production_identity,True,run_0016,189
191,192,1,production_identity,True,run_0016,191
197,198,5,production_identity,True,run_0016,193
206,207,8,production_identity,True,run_0016,199
211,212,4,production_identity,True,run_0016,208
214,215,2,production_identity,True,run_0016,213
217,218,2,production_identity,True,run_0016,216
220,221,1,production_identity,True,run_0016,220
222,223,1,production_identity,True,run_0016,222
236,237,13,production_identity,True,run_0016,224
250,,13,production_identity,False,run_0016,238
2,3,2,editorial_identity,True,run_0016,1
5,6,1,editorial_identity,True,run_0016,5
13,14,1,editorial_identity,True,run_0016,13
16,17,1,editorial_identity,True,run_0016,16
22,23,3,editorial_identity,True,run_0016,20
28,29,1,editorial_identity,True,run_0016,28
31,32,1,editorial_identity,True,run_0016,31
35,36,1,editorial_identity,True,run_0016,35
41,42,5,editorial_identity,True,run_0016,37
44,45,1,editorial_identity,True,run_0016,44
47,48,1,editorial_identity,True,run_0016,47
53,54,5,editorial_identity,True,run_0016,49
55,56,1,editorial_identity,True,run_0016,55
61,62,2,editorial_identity,True,run_0016,60
64,65,2,editorial_identity,True,run_0016,63
67,68,2,editorial_identity,True,run_0016,66
72,73,1,editorial_identity,True,run_0016,72
75,76,2,editorial_identity,True,run_0016,74
78,79,1,editorial_identity,True,run_0016,78
81,82,2,editorial_identity,True,run_0016,80
86,87,2,editorial_identity,True,run_0016,85
88,89,1,editorial_identity,True,run_0016,88
92,93,2,editorial_identity,True,run_0016,91
94,95,1,editorial_identity,True,run_0016,94
96,97,1,editorial_identity,True,run_0016,96
99,100,2,editorial_identity,True,run_0016,98
104,105,2,editorial_identity,True,run_0016,103
107,108,2,editorial_identity,True,run_0016,106
110,111,1,editorial_identity,True,run_0016,110
112,113,1,editorial_identity,True,run_0016,112
114,115,1,editorial_identity,True,run_0016,114
120,121,5,editorial_identity,True,run_0016,116
128,129,7,editorial_identity,True,run_0016,122
131,132,2,editorial_identity,True,run_0016,130
155,156,23,editorial_identity,True,run_0016,133
158,159,2,editorial_identity,True,run_0016,157
160,161,1,editorial_identity,True,run_0016,160
166,167,1,editorial_identity,True,run_0016,166
170,171,1,editorial_identity,True,run_0016,170
173,174,1,editorial_identity,True,run_0016,173
177,178,2,editorial_identity,True,run_0016,176
180,181,2,editorial_identity,True,run_0016,179
186,187,5,editorial_identity,True,run_0016,182
191,192,2,editorial_identity,True,run_0016,190
193,194,1,editorial_identity,True,run_0016,193
197,198,3,editorial_identity,True,run_0016,195
205,206,7,editorial_identity,True,run_0016,199
214,215,7,editorial_identity,True,run_0016,208
220,221,1,editorial_identity,True,run_0016,220
231,232,10,editorial_identity,True,run_0016,222
233,234,1,editorial_identity,True,run_0016,233
238,239,4,editorial_identity,True,run_0016,235
247,248,8,editorial_identity,True,run_0016,240
250,,1,editorial_identity,False,run_0016,250
25,26,1,production_editorial,True,run_0017,25
38,39,2,production_editorial,True,run_0017,37
44,45,2,production_editorial,True,run_0017,43
47,48,2,production_editorial,True,run_0017,46
50,51,2,production_editorial,True,run_0017,49
52,53,1,production_editorial,True,run_0017,52
77,78,1,production_editorial,True,run_0017,77
79,80,1,production_editorial,True,run_0017,79
84,85,1,production_editorial,True,run_0017,84
89,90,1,production_editorial,True,run_0017,89
92,93,1,production_editorial,True,run_0017,92
94,95,1,production_editorial,True,run_0017,94
98,99,2,production_editorial,True,run_0017,97
101,102,2,production_editorial,True,run_0017,100
103,104,1,production_editorial,True,run_0017,103
110,111,1,production_editorial,True,run_0017,110
113,114,1,production_editorial,True,run_0017,113
122,123,1,production_editorial,True,run_0017,122
125,126,1,production_editorial,True,run_0017,125
130,131,1,production_editorial,True,run_0017,130
134,135,3,production_editorial,True,run_0017,132
137,138,2,production_editorial,True,run_0017,136
140,141,1,production_editorial,True,run_0017,140
143,144,2,production_editorial,True,run_0017,142
146,147,1,production_editorial,True,run_0017,146
149,150,1,production_editorial,True,run_0017,149
152,153,2,production_editorial,True,run_0017,151
155,156,1,production_editorial,True,run_0017,155
157,158,1,production_editorial,True,run_0017,157
160,161,1,production_editorial,True,run_0017,160
173,174,2,production_editorial,True,run_0017,172
175,176,1,production_editorial,True,run_0017,175
182,183,1,production_editorial,True,run_0017,182
187,188,1,production_editorial,True,run_0017,187
191,192,1,production_editorial,True,run_0017,191
203,204,11,production_editorial,True,run_0017,193
206,207,2,production_editorial,True,run_0017,205
208,209,1,production_editorial,True,run_0017,208
211,212,1,production_editorial,True,run_0017,211
213,214,1,production_editorial,True,run_0017,213
221,222,7,production_editorial,True,run_0017,215
231,232,9,production_editorial,True,run_0017,223
233,234,1,production_editorial,True,run_0017,233
235,236,1,production_editorial,True,run_0017,235
237,238,1,production_editorial,True,run_0017,237
240,241,2,production_editorial,True,run_0017,239
242,243,1,production_editorial,True,run_0017,242
246,247,3,production_editorial,True,run_0017,244
249,250,1,production_editorial,True,run_0017,249
3,4,1,production_identity,True,run_0017,3
15,16,1,production_identity,True,run_0017,15
18,19,2,production_identity,True,run_0017,17
31,32,1,production_identity,True,run_0017,31
39,40,4,production_identity,True,run_0017,36
44,45,2,production_identity,True,run_0017,43
46,47,1,production_identity,True,run_0017,46
49,50,1,production_identity,True,run_0017,49
57,58,1,production_identity,True,run_0017,57
66,67,4,production_identity,True,run_0017,63
69,70,2,production_identity,True,run_0017,68
72,73,1,production_identity,True,run_0017,72
78,79,3,production_identity,True,run_0017,76
91,92,5,production_identity,True,run_0017,87
94,95,2,production_identity,True,run_0017,93
97,98,2,production_identity,True,run_0017,96
103,104,5,production_identity,True,run_0017,99
109,110,5,production_identity,True,run_0017,105
112,113,2,production_identity,True,run_0017,111
124,125,11,production_identity,True,run_0017,114
130,131,5,production_identity,True,run_0017,126
148,149,17,production_identity,True,run_0017,132
154,155,5,production_identity,True,run_0017,150
160,161,5,production_identity,True,run_0017,156
166,167,1,production_identity,True,run_0017,166
170,171,2,production_identity,True,run_0017,169
173,174,2,production_identity,True,run_0017,172
175,176,1,production_identity,True,run_0017,175
181,182,2,production_identity,True,run_0017,180
184,185,1,production_identity,True,run_0017,184
203,204,17,production_identity,True,run_0017,187
211,212,7,production_identity,True,run_0017,205
213,214,1,production_identity,True,run_0017,213
221,222,6,production_identity,True,run_0017,216
235,236,12,production_identity,True,run_0017,224
239,240,3,production_identity,True,run_0017,237
250,,10,production_identity,False,run_0017,241
3,4,1,editorial_identity,True,run_0017,3
15,16,1,editorial_identity,True,run_0017,15
18,19,2,editorial_identity,True,run_0017,17
25,26,1,editorial_identity,True,run_0017,25
31,32,1,editorial_identity,True,run_0017,31
39,40,4,editorial_identity,True,run_0017,36
44,45,2,editorial_identity,True,run_0017,43
47,48,2,editorial_identity,True,run_0017,46
50,51,1,editorial_identity,True,run_0017,50
52,53,1,editorial_identity,True,run_0017,52
57,58,1,editorial_identity,True,run_0017,57
66,67,4,editorial_identity,True,run_0017,63
69,70,2,editorial_identity,True,run_0017,68
72,73,1,editorial_identity,True,run_0017,72
79,80,4,editorial_identity,True,run_0017,76
84,85,1,editorial_identity,True,run_0017,84
88,89,2,editorial_identity,True,run_0017,87
94,95,5,editorial_identity,True,run_0017,90
100,101,5,editorial_identity,True,run_0017,96
103,104,2,editorial_identity,True,run_0017,102
130,131,26,editorial_identity,True,run_0017,105
145,146,14,editorial_identity,True,run_0017,132
159,160,13,editorial_identity,True,run_0017,147
166,167,1,editorial_identity,True,run_0017,166
170,171,2,editorial_identity,True,run_0017,169
173,174,2,editorial_identity,True,run_0017,172
182,183,3,editorial_identity,True,run_0017,180
184,185,1,editorial_identity,True,run_0017,184
190,191,3,editorial_identity,True,run_0017,188
192,193,1,editorial_identity,True,run_0017,192
195,196,2,editorial_identity,True,run_0017,194
199,200,2,editorial_identity,True,run_0017,198
203,204,3,editorial_identity,True,run_0017,201
210,211,6,editorial_identity,True,run_0017,205
213,214,1,editorial_identity,True,run_0017,213
221,222,7,editorial_identity,True,run_0017,215
227,228,5,editorial_identity,True,run_0017,223
235,236,7,editorial_identity,True,run_0017,229
250,,14,editorial_identity,False,run_0017,237
22,23,1,production_editorial,True,run_0018,22
28,29,1,production_editorial,True,run_0018,28
31,32,1,production_editorial,True,run_0018,31
37,38,1,production_editorial,True,run_0018,37
41,42,1,production_editorial,True,run_0018,41
44,45,2,production_editorial,True,run_0018,43
47,48,2,production_editorial,True,run_0018,46
50,51,1,production_editorial,True,run_0018,50
56,57,1,production_editorial,True,run_0018,56
58,59,1,production_editorial,True,run_0018,58
73,74,1,production_editorial,True,run_0018,73
75,76,1,production_editorial,True,run_0018,75
83,84,1,production_editorial,True,run_0018,83
90,91,4,production_editorial,True,run_0018,87
92,93,1,production_editorial,True,run_0018,92
95,96,1,production_editorial,True,run_0018,95
99,100,1,production_editorial,True,run_0018,99
102,103,1,production_editorial,True,run_0018,102
111,112,2,production_editorial,True,run_0018,110
114,115,2,production_editorial,True,run_0018,113
117,118,2,production_editorial,True,run_0018,116
119,120,1,production_editorial,True,run_0018,119
123,124,1,production_editorial,True,run_0018,123
126,127,2,production_editorial,True,run_0018,125
132,133,2,production_editorial,True,run_0018,131
136,137,3,production_editorial,True,run_0018,134
141,142,1,production_editorial,True,run_0018,141
143,144,1,production_editorial,True,run_0018,143
146,147,1,production_editorial,True,run_0018,146
152,153,1,production_editorial,True,run_0018,152
156,157,2,production_editorial,True,run_0018,155
177,178,1,production_editorial,True,run_0018,177
181,182,2,production_editorial,True,run_0018,180
183,184,1,production_editorial,True,run_0018,183
185,186,1,production_editorial,True,run_0018,185
188,189,2,production_editorial,True,run_0018,187
193,194,4,production_editorial,True,run_0018,190
195,196,1,production_editorial,True,run_0018,195
198,199,2,production_editorial,True,run_0018,197
201,202,2,production_editorial,True,run_0018,200
207,208,4,production_editorial,True,run_0018,204
212,213,4,production_editorial,True,run_0018,209
218,219,5,production_editorial,True,run_0018,214
228,229,9,production_editorial,True,run_0018,220
232,233,1,production_editorial,True,run_0018,232
237,238,4,production_editorial,True,run_0018,234
239,240,1,production_editorial,True,run_0018,239
241,242,1,production_editorial,True,run_0018,241
245,246,1,production_editorial,True,run_0018,245
24,25,1,production_identity,True,run_0018,24
28,29,1,production_identity,True,run_0018,28
31,32,1,production_identity,True,run_0018,31
40,41,3,production_identity,True,run_0018,38
42,43,1,production_identity,True,run_0018,42
44,45,1,production_identity,True,run_0018,44
47,48,2,production_identity,True,run_0018,46
51,52,2,production_identity,True,run_0018,50
56,57,1,production_identity,True,run_0018,56
58,59,1,production_identity,True,run_0018,58
73,74,1,production_identity,True,run_0018,73
89,90,1,production_identity,True,run_0018,89
92,93,2,production_identity,True,run_0018,91
99,100,1,production_identity,True,run_0018,99
103,104,1,production_identity,True,run_0018,103
106,107,1,production_identity,True,run_0018,106
111,112,2,production_identity,True,run_0018,110
115,116,1,production_identity,True,run_0018,115
118,119,2,production_identity,True,run_0018,117
124,125,1,production_identity,True,run_0018,124
127,128,1,production_identity,True,run_0018,127
135,136,2,production_identity,True,run_0018,134
142,143,1,production_identity,True,run_0018,142
145,146,1,production_identity,True,run_0018,145
148,149,1,production_identity,True,run_0018,148
151,152,2,production_identity,True,run_0018,150
157,158,1,production_identity,True,run_0018,157
165,166,1,production_identity,True,run_0018,165
181,182,3,production_identity,True,run_0018,179
183,184,1,production_identity,True,run_0018,183
185,186,1,production_identity,True,run_0018,185
188,189,2,production_identity,True,run_0018,187
192,193,3,production_identity,True,run_0018,190
195,196,1,production_identity,True,run_0018,195
198,199,2,production_identity,True,run_0018,197
201,202,1,production_identity,True,run_0018,201
207,208,5,production_identity,True,run_0018,203
211,212,3,production_identity,True,run_0018,209
216,217,2,production_identity,True,run_0018,215
222,223,5,production_identity,True,run_0018,218
225,226,2,production_identity,True,run_0018,224
229,230,1,production_identity,True,run_0018,229
231,232,1,production_identity,True,run_0018,231
237,238,3,production_identity,True,run_0018,235
247,248,9,production_identity,True,run_0018,239
249,250,1,production_identity,True,run_0018,249
22,23,1,editorial_identity,True,run_0018,22
24,25,1,editorial_identity,True,run_0018,24
28,29,1,editorial_identity,True,run_0018,28
43,44,7,editorial_identity,True,run_0018,37
47,48,2,editorial_identity,True,run_0018,46
51,52,1,editorial_identity,True,run_0018,51
75,76,1,editorial_identity,True,run_0018,75
83,84,1,editorial_identity,True,run_0018,83
88,89,2,editorial_identity,True,run_0018,87
91,92,2,editorial_identity,True,run_0018,90
95,96,1,editorial_identity,True,run_0018,95
103,104,2,editorial_identity,True,run_0018,102
106,107,1,editorial_identity,True,run_0018,106
110,111,1,editorial_identity,True,run_0018,110
116,117,4,editorial_identity,True,run_0018,113
119,120,2,editorial_identity,True,run_0018,118
127,128,5,editorial_identity,True,run_0018,123
132,133,2,editorial_identity,True,run_0018,131
134,135,1,editorial_identity,True,run_0018,134
136,137,1,editorial_identity,True,run_0018,136
143,144,3,editorial_identity,True,run_0018,141
146,147,2,editorial_identity,True,run_0018,145
148,149,1,editorial_identity,True,run_0018,148
152,153,3,editorial_identity,True,run_0018,150
157,158,3,editorial_identity,True,run_0018,155
165,166,1,editorial_identity,True,run_0018,165
177,178,1,editorial_identity,True,run_0018,177
181,182,3,editorial_identity,True,run_0018,179
183,184,1,editorial_identity,True,run_0018,183
185,186,1,editorial_identity,True,run_0018,185
188,189,2,editorial_identity,True,run_0018,187
193,194,3,editorial_identity,True,run_0018,191
200,201,1,editorial_identity,True,run_0018,200
204,205,2,editorial_identity,True,run_0018,203
207,208,1,editorial_identity,True,run_0018,207
212,213,4,editorial_identity,True,run_0018,209
219,220,6,editorial_identity,True,run_0018,214
224,225,3,editorial_identity,True,run_0018,222
229,230,4,editorial_identity,True,run_0018,226
232,233,2,editorial_identity,True,run_0018,231
237,238,4,editorial_identity,True,run_0018,234
247,248,9,editorial_identity,True,run_0018,239
249,250,1,editorial_identity,True,run_0018,249
8,9,2,production_editorial,True,run_0019,7
10,11,1,production_editorial,True,run_0019,10
17,18,2,production_editorial,True,run_0019,16
22,23,1,production_editorial,True,run_0019,22
25,26,1,production_editorial,True,run_0019,25
29,30,1,production_editorial,True,run_0019,29
32,33,1,production_editorial,True,run_0019,32
35,36,2,production_editorial,True,run_0019,34
44,45,2,production_editorial,True,run_0019,43
46,47,1,production_editorial,True,run_0019,46
50,51,2,production_editorial,True,run_0019,49
53,54,2,production_editorial,True,run_0019,52
81,82,6,production_editorial,True,run_0019,76
84,85,1,production_editorial,True,run_0019,84
86,87,1,production_editorial,True,run_0019,86
88,89,1,production_editorial,True,run_0019,88
90,91,1,production_editorial,True,run_0019,90
93,94,1,production_editorial,True,run_0019,93
104,105,1,production_editorial,True,run_0019,104
106,107,1,production_editorial,True,run_0019,106
109,110,1,production_editorial,True,run_0019,109
112,113,2,production_editorial,True,run_0019,111
115,116,1,production_editorial,True,run_0019,115
120,121,2,production_editorial,True,run_0019,119
126,127,3,production_editorial,True,run_0019,124
132,133,5,production_editorial,True,run_0019,128
135,136,2,production_editorial,True,run_0019,134
147,148,11,production_editorial,True,run_0019,137
150,151,2,production_editorial,True,run_0019,149
153,154,2,production_editorial,True,run_0019,152
159,160,5,production_editorial,True,run_0019,155
162,163,1,production_editorial,True,run_0019,162
164,165,1,production_editorial,True,run_0019,164
167,168,1,production_editorial,True,run_0019,167
170,171,2,production_editorial,True,run_0019,169
172,173,1,production_editorial,True,run_0019,172
179,180,1,production_editorial,True,run_0019,179
182,183,1,production_editorial,True,run_0019,182
185,186,1,production_editorial,True,run_0019,185
188,189,1,production_editorial,True,run_0019,188
191,192,2,production_editorial,True,run_0019,190
194,195,2,production_editorial,True,run_0019,193
197,198,2,production_editorial,True,run_0019,196
200,201,2,production_editorial,True,run_0019,199
206,207,1,production_editorial,True,run_0019,206
209,210,1,production_editorial,True,run_0019,209
211,212,1,production_editorial,True,run_0019,211
221,222,9,production_editorial,True,run_0019,213
224,225,2,production_editorial,True,run_0019,223
229,230,4,production_editorial,True,run_0019,226
231,232,1,production_editorial,True,run_0019,231
234,235,2,production_editorial,True,run_0019,233
237,238,2,production_editorial,True,run_0019,236
247,248,9,production_editorial,True,run_0019,239
10,11,1,production_identity,True,run_0019,10
16,17,1,production_identity,True,run_0019,16
25,26,2,production_identity,True,run_0019,24
27,28,1,production_identity,True,run_0019,27
32,33,1,production_identity,True,run_0019,32
35,36,2,production_identity,True,run_0019,34
43,44,1,production_identity,True,run_0019,43
47,48,1,production_identity,True,run_0019,47
49,50,1,production_identity,True,run_0019,49
52,53,1,production_identity,True,run_0019,52
54,55,1,production_identity,True,run_0019,54
60,61,1,production_identity,True,run_0019,60
78,79,2,production_identity,True,run_0019,77
80,81,1,production_identity,True,run_0019,80
90,91,1,production_identity,True,run_0019,90
97,98,1,production_identity,True,run_0019,97
101,102,1,production_identity,True,run_0019,101
110,111,1,production_identity,True,run_0019,110
116,117,1,production_identity,True,run_0019,116
122,123,1,production_identity,True,run_0019,122
128,129,1,production_identity,True,run_0019,128
137,138,1,production_identity,True,run_0019,137
140,141,1,production_identity,True,run_0019,140
143,144,1,production_identity,True,run_0019,143
146,147,1,production_identity,True,run_0019,146
150,151,3,production_identity,True,run_0019,148
162,163,1,production_identity,True,run_0019,162
167,168,1,production_identity,True,run_0019,167
169,170,1,production_identity,True,run_0019,169
172,173,1,production_identity,True,run_0019,172
179,180,3,production_identity,True,run_0019,177
182,183,1,production_identity,True,run_0019,182
185,186,1,production_identity,True,run_0019,185
188,189,2,production_identity,True,run_0019,187
194,195,3,production_identity,True,run_0019,192
196,197,1,production_identity,True,run_0019,196
201,202,3,production_identity,True,run_0019,199
207,208,5,production_identity,True,run_0019,203
209,210,1,production_identity,True,run_0019,209
213,214,3,production_identity,True,run_0019,211
216,217,2,production_identity,True,run_0019,215
218,219,1,production_identity,True,run_0019,218
221,222,2,production_identity,True,run_0019,220
223,224,1,production_identity,True,run_0019,223
225,226,1,production_identity,True,run_0019,225
229,230,3,production_identity,True,run_0019,227
247,248,17,production_identity,True,run_0019,231
8,9,2,editorial_identity,True,run_0019,7
17,18,2,editorial_identity,True,run_0019,16
22,23,1,editorial_identity,True,run_0019,22
25,26,2,editorial_identity,True,run_0019,24
27,28,1,editorial_identity,True,run_0019,27
29,30,1,editorial_identity,True,run_0019,29
35,36,2,editorial_identity,True,run_0019,34
44,45,2,editorial_identity,True,run_0019,43
47,48,2,editorial_identity,True,run_0019,46
50,51,2,editorial_identity,True,run_0019,49
54,55,3,editorial_identity,True,run_0019,52
60,61,1,editorial_identity,True,run_0019,60
79,80,4,editorial_identity,True,run_0019,76
81,82,1,editorial_identity,True,run_0019,81
84,85,1,editorial_identity,True,run_0019,84
86,87,1,editorial_identity,True,run_0019,86
88,89,1,editorial_identity,True,run_0019,88
90,91,1,editorial_identity,True,run_0019,90
93,94,1,editorial_identity,True,run_0019,93
97,98,1,editorial_identity,True,run_0019,97
101,102,1,editorial_identity,True,run_0019,101
104,105,1,editorial_identity,True,run_0019,104
106,107,1,editorial_identity,True,run_0019,106
112,113,4,editorial_identity,True,run_0019,109
116,117,2,editorial_identity,True,run_0019,115
120,121,2,editorial_identity,True,run_0019,119
122,123,1,editorial_identity,True,run_0019,122
126,127,3,editorial_identity,True,run_0019,124
132,133,5,editorial_identity,True,run_0019,128
135,136,2,editorial_identity,True,run_0019,134
150,151,14,editorial_identity,True,run_0019,137
153,154,2,editorial_identity,True,run_0019,152
159,160,5,editorial_identity,True,run_0019,155
162,163,1,editorial_identity,True,run_0019,162
164,165,1,editorial_identity,True,run_0019,164
167,168,1,editorial_identity,True,run_0019,167
170,171,1,editorial_identity,True,run_0019,170
179,180,3,editorial_identity,True,run_0019,177
185,186,1,editorial_identity,True,run_0019,185
188,189,2,editorial_identity,True,run_0019,187
194,195,5,editorial_identity,True,run_0019,190
197,198,2,editorial_identity,True,run_0019,196
201,202,2,editorial_identity,True,run_0019,200
207,208,5,editorial_identity,True,run_0019,203
214,215,4,editorial_identity,True,run_0019,211
219,220,4,editorial_identity,True,run_0019,216
221,222,1,editorial_identity,True,run_0019,221
229,230,7,editorial_identity,True,run_0019,223
232,233,1,editorial_identity,True,run_0019,232
236,237,3,editorial_identity,True,run_0019,234
245,246,8,editorial_identity,True,run_0019,238
247,248,1,editorial_identity,True,run_0019,247
